"traitID","unitOfMeasure","methodsID","value","family","species","sourceID","initialYearSampling","initialMonthSampling","initialDaySampling","finalYearSampling","finalMonthSampling","finalDaySampling","seasons","weatherAnomaly","lifeStage","country","stateProvince","municipality","localidade","decimalLatitude","decimalLongitude","altitude","typeVegatation","notes"
"RD",,,"1.08","Violaceae","Amphyrrhox longifolia","Barros et all 2015","2015","12",,,,,"dry",,"adult","BRAZIL","Pará","Santarém","Tapajós National Forest (K67 site), near Santarém, higher seasonality forest (HSF)","-2.850000","-54.966667",,"high seasonal forest","mean, n:5"
"RD",,,"6.15","Fabaceae","Chamaecrista xinguensis","Barros et all 2015","2015","12",,,,,"dry",,"adult","BRAZIL","Pará","Santarém","Tapajós National Forest (K67 site), near Santarém, higher seasonality forest (HSF)","-2.850000","-54.966667",,"high seasonal forest","mean, n:3"
"RD",,,"4.61","Rubiaceae","Coussarea albescens","Barros et all 2015","2015","12",,,,,"dry",,"adult","BRAZIL","Pará","Santarém","Tapajós National Forest (K67 site), near Santarém, higher seasonality forest (HSF)","-2.850000","-54.966667",,"high seasonal forest","mean, n:3"
"RD",,,"1.01","Humiriaceae","Endopleura uchi","Barros et all 2015","2015","12",,,,,"dry",,"adult","BRAZIL","Pará","Santarém","Tapajós National Forest (K67 site), near Santarém, higher seasonality forest (HSF)","-2.850000","-54.966667",,"high seasonal forest","mean, n:2"
"RD",,,"11.07","Vochysiaceae","Erisma unsinatum","Barros et all 2015","2015","12",,,,,"dry",,"adult","BRAZIL","Pará","Santarém","Tapajós National Forest (K67 site), near Santarém, higher seasonality forest (HSF)","-2.850000","-54.966667",,"high seasonal forest","mean, n:3"
"RD",,,"2696","Sapotaceae","Manilkara huberi","Barros et all 2015","2015","12",,,,,"dry",,"adult","BRAZIL","Pará","Santarém","Tapajós National Forest (K67 site), near Santarém, higher seasonality forest (HSF)","-2.850000","-54.966667",,"high seasonal forest","mean, n:3"
"RD",,,"1.2","Lauraceae","Mezilaurus itauba","Barros et all 2015","2015","12",,,,,"dry",,"adult","BRAZIL","Pará","Santarém","Tapajós National Forest (K67 site), near Santarém, higher seasonality forest (HSF)","-2.850000","-54.966667",,"high seasonal forest","mean, n:2"
"RD",,,"0.09","Melastomataceae","Miconia lepidota","Barros et all 2015","2015","12",,,,,"dry",,"adult","BRAZIL","Pará","Santarém","Tapajós National Forest (K67 site), near Santarém, higher seasonality forest (HSF)","-2.850000","-54.966667",,"high seasonal forest","mean, n:3"
"RD",,,"0.06","Olacaceae","Minquartia guianensis","Barros et all 2015","2015","12",,,,,"dry",,"adult","BRAZIL","Pará","Santarém","Tapajós National Forest (K67 site), near Santarém, higher seasonality forest (HSF)","-2.850000","-54.966667",,"high seasonal forest","mean, n:NA"
"RD",,,"2.15","Burseraceae","Protium apiculatum","Barros et all 2015","2015","12",,,,,"dry",,"adult","BRAZIL","Pará","Santarém","Tapajós National Forest (K67 site), near Santarém, higher seasonality forest (HSF)","-2.850000","-54.966667",,"high seasonal forest","mean, n:3"
"RD",,,"7.59","Violaceae","Rinourea passourea","Barros et all 2015","2015","12",,,,,"dry",,"adult","BRAZIL","Pará","Santarém","Tapajós National Forest (K67 site), near Santarém, higher seasonality forest (HSF)","-2.850000","-54.966667",,"high seasonal forest","mean, n:5"
"RD",,,"15.77","Fabaceae","Tachigali chrysophylla","Barros et all 2015","2015","12",,,,,"dry",,"adult","BRAZIL","Pará","Santarém","Tapajós National Forest (K67 site), near Santarém, higher seasonality forest (HSF)","-2.850000","-54.966667",,"high seasonal forest","mean, n:2"
"Ψ50","MPa","pneumatic method (Pereira et al., 2016)","-2.28","Violaceae","Amphyrrhox longifolia","Barros et all 2015","2015","12",,,,,"dry",,"adult","BRAZIL","Pará","Santarém","Tapajós National Forest (K67 site), near Santarém, higher seasonality forest (HSF)","-2.850000","-54.966667",,"high seasonal forest","mean, n:5"
"Ψ50","MPa","pneumatic method (Pereira et al., 2016)","-3.14","Fabaceae","Chamaecrista xinguensis","Barros et all 2015","2015","12",,,,,"dry",,"adult","BRAZIL","Pará","Santarém","Tapajós National Forest (K67 site), near Santarém, higher seasonality forest (HSF)","-2.850000","-54.966667",,"high seasonal forest","mean, n:3"
"Ψ50","MPa","pneumatic method (Pereira et al., 2016)","-4.86","Rubiaceae","Coussarea albescens","Barros et all 2015","2015","12",,,,,"dry",,"adult","BRAZIL","Pará","Santarém","Tapajós National Forest (K67 site), near Santarém, higher seasonality forest (HSF)","-2.850000","-54.966667",,"high seasonal forest","mean, n:3"
"Ψ50","MPa","pneumatic method (Pereira et al., 2016)","-1.52","Humiriaceae","Endopleura uchi","Barros et all 2015","2015","12",,,,,"dry",,"adult","BRAZIL","Pará","Santarém","Tapajós National Forest (K67 site), near Santarém, higher seasonality forest (HSF)","-2.850000","-54.966667",,"high seasonal forest","mean, n:2"
"Ψ50","MPa","pneumatic method (Pereira et al., 2016)","-2.13","Vochysiaceae","Erisma unsinatum","Barros et all 2015","2015","12",,,,,"dry",,"adult","BRAZIL","Pará","Santarém","Tapajós National Forest (K67 site), near Santarém, higher seasonality forest (HSF)","-2.850000","-54.966667",,"high seasonal forest","mean, n:3"
"Ψ50","MPa","pneumatic method (Pereira et al., 2016)","-175","Sapotaceae","Manilkara huberi","Barros et all 2015","2015","12",,,,,"dry",,"adult","BRAZIL","Pará","Santarém","Tapajós National Forest (K67 site), near Santarém, higher seasonality forest (HSF)","-2.850000","-54.966667",,"high seasonal forest","mean, n:3"
"Ψ50","MPa","pneumatic method (Pereira et al., 2016)","-298","Lauraceae","Mezilaurus itauba","Barros et all 2015","2015","12",,,,,"dry",,"adult","BRAZIL","Pará","Santarém","Tapajós National Forest (K67 site), near Santarém, higher seasonality forest (HSF)","-2.850000","-54.966667",,"high seasonal forest","mean, n:2"
"Ψ50","MPa","pneumatic method (Pereira et al., 2016)","-5.02","Melastomataceae","Miconia lepidota","Barros et all 2015","2015","12",,,,,"dry",,"adult","BRAZIL","Pará","Santarém","Tapajós National Forest (K67 site), near Santarém, higher seasonality forest (HSF)","-2.850000","-54.966667",,"high seasonal forest","mean, n:3"
"Ψ50","MPa","pneumatic method (Pereira et al., 2016)","-2.37","Olacaceae","Minquartia guianensis","Barros et all 2015","2015","12",,,,,"dry",,"adult","BRAZIL","Pará","Santarém","Tapajós National Forest (K67 site), near Santarém, higher seasonality forest (HSF)","-2.850000","-54.966667",,"high seasonal forest","mean, n:NA"
"Ψ50","MPa","pneumatic method (Pereira et al., 2016)","-1.94","Burseraceae","Protium apiculatum","Barros et all 2015","2015","12",,,,,"dry",,"adult","BRAZIL","Pará","Santarém","Tapajós National Forest (K67 site), near Santarém, higher seasonality forest (HSF)","-2.850000","-54.966667",,"high seasonal forest","mean, n:3"
"Ψ50","MPa","pneumatic method (Pereira et al., 2016)","-2.99","Violaceae","Rinourea passourea","Barros et all 2015","2015","12",,,,,"dry",,"adult","BRAZIL","Pará","Santarém","Tapajós National Forest (K67 site), near Santarém, higher seasonality forest (HSF)","-2.850000","-54.966667",,"high seasonal forest","mean, n:5"
"Ψ50","MPa","pneumatic method (Pereira et al., 2016)","-3.79","Fabaceae","Tachigali chrysophylla","Barros et all 2015","2015","12",,,,,"dry",,"adult","BRAZIL","Pará","Santarém","Tapajós National Forest (K67 site), near Santarém, higher seasonality forest (HSF)","-2.850000","-54.966667",,"high seasonal forest","mean, n:2"
"Ψ88","MPa","pneumatic method (Pereira et al., 2016)","-5.77","Violaceae","Amphyrrhox longifolia","Barros et all 2015","2015","12",,,,,"dry",,"adult","BRAZIL","Pará","Santarém","Tapajós National Forest (K67 site), near Santarém, higher seasonality forest (HSF)","-2.850000","-54.966667",,"high seasonal forest","mean, n:5"
"Ψ88","MPa","pneumatic method (Pereira et al., 2016)","-6.05","Fabaceae","Chamaecrista xinguensis","Barros et all 2015","2015","12",,,,,"dry",,"adult","BRAZIL","Pará","Santarém","Tapajós National Forest (K67 site), near Santarém, higher seasonality forest (HSF)","-2.850000","-54.966667",,"high seasonal forest","mean, n:3"
"Ψ88","MPa","pneumatic method (Pereira et al., 2016)","-6.64","Rubiaceae","Coussarea albescens","Barros et all 2015","2015","12",,,,,"dry",,"adult","BRAZIL","Pará","Santarém","Tapajós National Forest (K67 site), near Santarém, higher seasonality forest (HSF)","-2.850000","-54.966667",,"high seasonal forest","mean, n:3"
"Ψ88","MPa","pneumatic method (Pereira et al., 2016)","-4.83","Humiriaceae","Endopleura uchi","Barros et all 2015","2015","12",,,,,"dry",,"adult","BRAZIL","Pará","Santarém","Tapajós National Forest (K67 site), near Santarém, higher seasonality forest (HSF)","-2.850000","-54.966667",,"high seasonal forest","mean, n:2"
"Ψ88","MPa","pneumatic method (Pereira et al., 2016)","-3.24","Vochysiaceae","Erisma unsinatum","Barros et all 2015","2015","12",,,,,"dry",,"adult","BRAZIL","Pará","Santarém","Tapajós National Forest (K67 site), near Santarém, higher seasonality forest (HSF)","-2.850000","-54.966667",,"high seasonal forest","mean, n:3"
"Ψ88","MPa","pneumatic method (Pereira et al., 2016)","-451","Sapotaceae","Manilkara huberi","Barros et all 2015","2015","12",,,,,"dry",,"adult","BRAZIL","Pará","Santarém","Tapajós National Forest (K67 site), near Santarém, higher seasonality forest (HSF)","-2.850000","-54.966667",,"high seasonal forest","mean, n:3"
"Ψ88","MPa","pneumatic method (Pereira et al., 2016)","-5.54","Lauraceae","Mezilaurus itauba","Barros et all 2015","2015","12",,,,,"dry",,"adult","BRAZIL","Pará","Santarém","Tapajós National Forest (K67 site), near Santarém, higher seasonality forest (HSF)","-2.850000","-54.966667",,"high seasonal forest","mean, n:2"
"Ψ88","MPa","pneumatic method (Pereira et al., 2016)","-6.76","Melastomataceae","Miconia lepidota","Barros et all 2015","2015","12",,,,,"dry",,"adult","BRAZIL","Pará","Santarém","Tapajós National Forest (K67 site), near Santarém, higher seasonality forest (HSF)","-2.850000","-54.966667",,"high seasonal forest","mean, n:3"
"Ψ88","MPa","pneumatic method (Pereira et al., 2016)","-6.03","Olacaceae","Minquartia guianensis","Barros et all 2015","2015","12",,,,,"dry",,"adult","BRAZIL","Pará","Santarém","Tapajós National Forest (K67 site), near Santarém, higher seasonality forest (HSF)","-2.850000","-54.966667",,"high seasonal forest","mean, n:NA"
"Ψ88","MPa","pneumatic method (Pereira et al., 2016)","-2.12","Burseraceae","Protium apiculatum","Barros et all 2015","2015","12",,,,,"dry",,"adult","BRAZIL","Pará","Santarém","Tapajós National Forest (K67 site), near Santarém, higher seasonality forest (HSF)","-2.850000","-54.966667",,"high seasonal forest","mean, n:3"
"Ψ88","MPa","pneumatic method (Pereira et al., 2016)","-7.3","Violaceae","Rinourea passourea","Barros et all 2015","2015","12",,,,,"dry",,"adult","BRAZIL","Pará","Santarém","Tapajós National Forest (K67 site), near Santarém, higher seasonality forest (HSF)","-2.850000","-54.966667",,"high seasonal forest","mean, n:5"
"Ψ88","MPa","pneumatic method (Pereira et al., 2016)","-5.13","Fabaceae","Tachigali chrysophylla","Barros et all 2015","2015","12",,,,,"dry",,"adult","BRAZIL","Pará","Santarém","Tapajós National Forest (K67 site), near Santarém, higher seasonality forest (HSF)","-2.850000","-54.966667",,"high seasonal forest","mean, n:2"
"ΨnonENSO","MPa","pneumatic method (Pereira et al., 2016)","-2.12","Violaceae","Amphyrrhox longifolia","Barros et all 2015","2014","12",,,,,"dry",,"adult","BRAZIL","Pará","Santarém","Tapajós National Forest (K67 site), near Santarém, higher seasonality forest (HSF)","-2.850000","-54.966667",,"high seasonal forest","mean, n:5"
"ΨnonENSO","MPa","pneumatic method (Pereira et al., 2016)","-2.68","Fabaceae","Chamaecrista xinguensis","Barros et all 2015","2014","12",,,,,"dry",,"adult","BRAZIL","Pará","Santarém","Tapajós National Forest (K67 site), near Santarém, higher seasonality forest (HSF)","-2.850000","-54.966667",,"high seasonal forest","mean, n:3"
"ΨnonENSO","MPa","pneumatic method (Pereira et al., 2016)","-2.25","Rubiaceae","Coussarea albescens","Barros et all 2015","2014","12",,,,,"dry",,"adult","BRAZIL","Pará","Santarém","Tapajós National Forest (K67 site), near Santarém, higher seasonality forest (HSF)","-2.850000","-54.966667",,"high seasonal forest","mean, n:3"
"ΨnonENSO","MPa","pneumatic method (Pereira et al., 2016)","-1.1","Humiriaceae","Endopleura uchi","Barros et all 2015","2014","12",,,,,"dry",,"adult","BRAZIL","Pará","Santarém","Tapajós National Forest (K67 site), near Santarém, higher seasonality forest (HSF)","-2.850000","-54.966667",,"high seasonal forest","mean, n:2"
"ΨnonENSO","MPa","pneumatic method (Pereira et al., 2016)","-1.22","Vochysiaceae","Erisma unsinatum","Barros et all 2015","2014","12",,,,,"dry",,"adult","BRAZIL","Pará","Santarém","Tapajós National Forest (K67 site), near Santarém, higher seasonality forest (HSF)","-2.850000","-54.966667",,"high seasonal forest","mean, n:3"
"ΨnonENSO","MPa","pneumatic method (Pereira et al., 2016)",,"Sapotaceae","Manilkara huberi","Barros et all 2015","2014","12",,,,,"dry",,"adult","BRAZIL","Pará","Santarém","Tapajós National Forest (K67 site), near Santarém, higher seasonality forest (HSF)","-2.850000","-54.966667",,"high seasonal forest","mean, n:3"
"ΨnonENSO","MPa","pneumatic method (Pereira et al., 2016)","-1.64","Lauraceae","Mezilaurus itauba","Barros et all 2015","2014","12",,,,,"dry",,"adult","BRAZIL","Pará","Santarém","Tapajós National Forest (K67 site), near Santarém, higher seasonality forest (HSF)","-2.850000","-54.966667",,"high seasonal forest","mean, n:2"
"ΨnonENSO","MPa","pneumatic method (Pereira et al., 2016)","-1.96","Melastomataceae","Miconia lepidota","Barros et all 2015","2014","12",,,,,"dry",,"adult","BRAZIL","Pará","Santarém","Tapajós National Forest (K67 site), near Santarém, higher seasonality forest (HSF)","-2.850000","-54.966667",,"high seasonal forest","mean, n:3"
"ΨnonENSO","MPa","pneumatic method (Pereira et al., 2016)",,"Olacaceae","Minquartia guianensis","Barros et all 2015","2014","12",,,,,"dry",,"adult","BRAZIL","Pará","Santarém","Tapajós National Forest (K67 site), near Santarém, higher seasonality forest (HSF)","-2.850000","-54.966667",,"high seasonal forest","mean, n:NA"
"ΨnonENSO","MPa","pneumatic method (Pereira et al., 2016)","-1.38","Burseraceae","Protium apiculatum","Barros et all 2015","2014","12",,,,,"dry",,"adult","BRAZIL","Pará","Santarém","Tapajós National Forest (K67 site), near Santarém, higher seasonality forest (HSF)","-2.850000","-54.966667",,"high seasonal forest","mean, n:3"
"ΨnonENSO","MPa","pneumatic method (Pereira et al., 2016)","-2.58","Violaceae","Rinourea passourea","Barros et all 2015","2014","12",,,,,"dry",,"adult","BRAZIL","Pará","Santarém","Tapajós National Forest (K67 site), near Santarém, higher seasonality forest (HSF)","-2.850000","-54.966667",,"high seasonal forest","mean, n:5"
"ΨnonENSO","MPa","pneumatic method (Pereira et al., 2016)",,"Fabaceae","Tachigali chrysophylla","Barros et all 2015","2014","12",,,,,"dry",,"adult","BRAZIL","Pará","Santarém","Tapajós National Forest (K67 site), near Santarém, higher seasonality forest (HSF)","-2.850000","-54.966667",,"high seasonal forest","mean, n:2"
"ΨENSO","MPa","pneumatic method (Pereira et al., 2016)","-1.93","Violaceae","Amphyrrhox longifolia","Barros et all 2015","2015","12",,,,,"dry",,"adult","BRAZIL","Pará","Santarém","Tapajós National Forest (K67 site), near Santarém, higher seasonality forest (HSF)","-2.850000","-54.966667",,"high seasonal forest","mean, n:5"
"ΨENSO","MPa","pneumatic method (Pereira et al., 2016)","-2.58","Fabaceae","Chamaecrista xinguensis","Barros et all 2015","2015","12",,,,,"dry",,"adult","BRAZIL","Pará","Santarém","Tapajós National Forest (K67 site), near Santarém, higher seasonality forest (HSF)","-2.850000","-54.966667",,"high seasonal forest","mean, n:3"
"ΨENSO","MPa","pneumatic method (Pereira et al., 2016)","-3.21","Rubiaceae","Coussarea albescens","Barros et all 2015","2015","12",,,,,"dry",,"adult","BRAZIL","Pará","Santarém","Tapajós National Forest (K67 site), near Santarém, higher seasonality forest (HSF)","-2.850000","-54.966667",,"high seasonal forest","mean, n:3"
"ΨENSO","MPa","pneumatic method (Pereira et al., 2016)","-1.62","Humiriaceae","Endopleura uchi","Barros et all 2015","2015","12",,,,,"dry",,"adult","BRAZIL","Pará","Santarém","Tapajós National Forest (K67 site), near Santarém, higher seasonality forest (HSF)","-2.850000","-54.966667",,"high seasonal forest","mean, n:2"
"ΨENSO","MPa","pneumatic method (Pereira et al., 2016)","-1.06","Vochysiaceae","Erisma unsinatum","Barros et all 2015","2015","12",,,,,"dry",,"adult","BRAZIL","Pará","Santarém","Tapajós National Forest (K67 site), near Santarém, higher seasonality forest (HSF)","-2.850000","-54.966667",,"high seasonal forest","mean, n:3"
"ΨENSO","MPa","pneumatic method (Pereira et al., 2016)",,"Sapotaceae","Manilkara huberi","Barros et all 2015","2015","12",,,,,"dry",,"adult","BRAZIL","Pará","Santarém","Tapajós National Forest (K67 site), near Santarém, higher seasonality forest (HSF)","-2.850000","-54.966667",,"high seasonal forest","mean, n:3"
"ΨENSO","MPa","pneumatic method (Pereira et al., 2016)","-1.98","Lauraceae","Mezilaurus itauba","Barros et all 2015","2015","12",,,,,"dry",,"adult","BRAZIL","Pará","Santarém","Tapajós National Forest (K67 site), near Santarém, higher seasonality forest (HSF)","-2.850000","-54.966667",,"high seasonal forest","mean, n:2"
"ΨENSO","MPa","pneumatic method (Pereira et al., 2016)","-3.01","Melastomataceae","Miconia lepidota","Barros et all 2015","2015","12",,,,,"dry",,"adult","BRAZIL","Pará","Santarém","Tapajós National Forest (K67 site), near Santarém, higher seasonality forest (HSF)","-2.850000","-54.966667",,"high seasonal forest","mean, n:3"
"ΨENSO","MPa","pneumatic method (Pereira et al., 2016)",,"Olacaceae","Minquartia guianensis","Barros et all 2015","2015","12",,,,,"dry",,"adult","BRAZIL","Pará","Santarém","Tapajós National Forest (K67 site), near Santarém, higher seasonality forest (HSF)","-2.850000","-54.966667",,"high seasonal forest","mean, n:NA"
"ΨENSO","MPa","pneumatic method (Pereira et al., 2016)","-1.29","Burseraceae","Protium apiculatum","Barros et all 2015","2015","12",,,,,"dry",,"adult","BRAZIL","Pará","Santarém","Tapajós National Forest (K67 site), near Santarém, higher seasonality forest (HSF)","-2.850000","-54.966667",,"high seasonal forest","mean, n:3"
"ΨENSO","MPa","pneumatic method (Pereira et al., 2016)","-4.43","Violaceae","Rinourea passourea","Barros et all 2015","2015","12",,,,,"dry",,"adult","BRAZIL","Pará","Santarém","Tapajós National Forest (K67 site), near Santarém, higher seasonality forest (HSF)","-2.850000","-54.966667",,"high seasonal forest","mean, n:5"
"ΨENSO","MPa","pneumatic method (Pereira et al., 2016)",,"Fabaceae","Tachigali chrysophylla","Barros et all 2015","2015","12",,,,,"dry",,"adult","BRAZIL","Pará","Santarém","Tapajós National Forest (K67 site), near Santarém, higher seasonality forest (HSF)","-2.850000","-54.966667",,"high seasonal forest","mean, n:2"
"VD",,,"1005.1","Violaceae","Amphyrrhox longifolia","Barros et all 2015","2015","12",,,,,"dry",,"adult","BRAZIL","Pará","Santarém","Tapajós National Forest (K67 site), near Santarém, higher seasonality forest (HSF)","-2.850000","-54.966667",,"high seasonal forest","mean, n:5"
"VD",,,"300.5","Fabaceae","Chamaecrista xinguensis","Barros et all 2015","2015","12",,,,,"dry",,"adult","BRAZIL","Pará","Santarém","Tapajós National Forest (K67 site), near Santarém, higher seasonality forest (HSF)","-2.850000","-54.966667",,"high seasonal forest","mean, n:3"
"VD",,,"1314","Rubiaceae","Coussarea albescens","Barros et all 2015","2015","12",,,,,"dry",,"adult","BRAZIL","Pará","Santarém","Tapajós National Forest (K67 site), near Santarém, higher seasonality forest (HSF)","-2.850000","-54.966667",,"high seasonal forest","mean, n:3"
"VD",,,"594.3","Humiriaceae","Endopleura uchi","Barros et all 2015","2015","12",,,,,"dry",,"adult","BRAZIL","Pará","Santarém","Tapajós National Forest (K67 site), near Santarém, higher seasonality forest (HSF)","-2.850000","-54.966667",,"high seasonal forest","mean, n:2"
"VD",,,"391.7","Vochysiaceae","Erisma unsinatum","Barros et all 2015","2015","12",,,,,"dry",,"adult","BRAZIL","Pará","Santarém","Tapajós National Forest (K67 site), near Santarém, higher seasonality forest (HSF)","-2.850000","-54.966667",,"high seasonal forest","mean, n:3"
"VD",,,,"Sapotaceae","Manilkara huberi","Barros et all 2015","2015","12",,,,,"dry",,"adult","BRAZIL","Pará","Santarém","Tapajós National Forest (K67 site), near Santarém, higher seasonality forest (HSF)","-2.850000","-54.966667",,"high seasonal forest","mean, n:3"
"VD",,,"992.1","Lauraceae","Mezilaurus itauba","Barros et all 2015","2015","12",,,,,"dry",,"adult","BRAZIL","Pará","Santarém","Tapajós National Forest (K67 site), near Santarém, higher seasonality forest (HSF)","-2.850000","-54.966667",,"high seasonal forest","mean, n:2"
"VD",,,"1337.1","Melastomataceae","Miconia lepidota","Barros et all 2015","2015","12",,,,,"dry",,"adult","BRAZIL","Pará","Santarém","Tapajós National Forest (K67 site), near Santarém, higher seasonality forest (HSF)","-2.850000","-54.966667",,"high seasonal forest","mean, n:3"
"VD",,,,"Olacaceae","Minquartia guianensis","Barros et all 2015","2015","12",,,,,"dry",,"adult","BRAZIL","Pará","Santarém","Tapajós National Forest (K67 site), near Santarém, higher seasonality forest (HSF)","-2.850000","-54.966667",,"high seasonal forest","mean, n:NA"
"VD",,,"956.1","Burseraceae","Protium apiculatum","Barros et all 2015","2015","12",,,,,"dry",,"adult","BRAZIL","Pará","Santarém","Tapajós National Forest (K67 site), near Santarém, higher seasonality forest (HSF)","-2.850000","-54.966667",,"high seasonal forest","mean, n:3"
"VD",,,"909.4","Violaceae","Rinourea passourea","Barros et all 2015","2015","12",,,,,"dry",,"adult","BRAZIL","Pará","Santarém","Tapajós National Forest (K67 site), near Santarém, higher seasonality forest (HSF)","-2.850000","-54.966667",,"high seasonal forest","mean, n:5"
"VD",,,,"Fabaceae","Tachigali chrysophylla","Barros et all 2015","2015","12",,,,,"dry",,"adult","BRAZIL","Pará","Santarém","Tapajós National Forest (K67 site), near Santarém, higher seasonality forest (HSF)","-2.850000","-54.966667",,"high seasonal forest","mean, n:2"
"VA",,,"7.1","Violaceae","Amphyrrhox longifolia","Barros et all 2015","2015","12",,,,,"dry",,"adult","BRAZIL","Pará","Santarém","Tapajós National Forest (K67 site), near Santarém, higher seasonality forest (HSF)","-2.850000","-54.966667",,"high seasonal forest","mean, n:5"
"VA",,,"11.4","Fabaceae","Chamaecrista xinguensis","Barros et all 2015","2015","12",,,,,"dry",,"adult","BRAZIL","Pará","Santarém","Tapajós National Forest (K67 site), near Santarém, higher seasonality forest (HSF)","-2.850000","-54.966667",,"high seasonal forest","mean, n:3"
"VA",,,"5.7","Rubiaceae","Coussarea albescens","Barros et all 2015","2015","12",,,,,"dry",,"adult","BRAZIL","Pará","Santarém","Tapajós National Forest (K67 site), near Santarém, higher seasonality forest (HSF)","-2.850000","-54.966667",,"high seasonal forest","mean, n:3"
"VA",,,"7.2","Humiriaceae","Endopleura uchi","Barros et all 2015","2015","12",,,,,"dry",,"adult","BRAZIL","Pará","Santarém","Tapajós National Forest (K67 site), near Santarém, higher seasonality forest (HSF)","-2.850000","-54.966667",,"high seasonal forest","mean, n:2"
"VA",,,"11.2","Vochysiaceae","Erisma unsinatum","Barros et all 2015","2015","12",,,,,"dry",,"adult","BRAZIL","Pará","Santarém","Tapajós National Forest (K67 site), near Santarém, higher seasonality forest (HSF)","-2.850000","-54.966667",,"high seasonal forest","mean, n:3"
"VA",,,,"Sapotaceae","Manilkara huberi","Barros et all 2015","2015","12",,,,,"dry",,"adult","BRAZIL","Pará","Santarém","Tapajós National Forest (K67 site), near Santarém, higher seasonality forest (HSF)","-2.850000","-54.966667",,"high seasonal forest","mean, n:3"
"VA",,,"4.3","Lauraceae","Mezilaurus itauba","Barros et all 2015","2015","12",,,,,"dry",,"adult","BRAZIL","Pará","Santarém","Tapajós National Forest (K67 site), near Santarém, higher seasonality forest (HSF)","-2.850000","-54.966667",,"high seasonal forest","mean, n:2"
"VA",,,"4.9","Melastomataceae","Miconia lepidota","Barros et all 2015","2015","12",,,,,"dry",,"adult","BRAZIL","Pará","Santarém","Tapajós National Forest (K67 site), near Santarém, higher seasonality forest (HSF)","-2.850000","-54.966667",,"high seasonal forest","mean, n:3"
"VA",,,,"Olacaceae","Minquartia guianensis","Barros et all 2015","2015","12",,,,,"dry",,"adult","BRAZIL","Pará","Santarém","Tapajós National Forest (K67 site), near Santarém, higher seasonality forest (HSF)","-2.850000","-54.966667",,"high seasonal forest","mean, n:NA"
"VA",,,"5","Burseraceae","Protium apiculatum","Barros et all 2015","2015","12",,,,,"dry",,"adult","BRAZIL","Pará","Santarém","Tapajós National Forest (K67 site), near Santarém, higher seasonality forest (HSF)","-2.850000","-54.966667",,"high seasonal forest","mean, n:3"
"VA",,,"9.2","Violaceae","Rinourea passourea","Barros et all 2015","2015","12",,,,,"dry",,"adult","BRAZIL","Pará","Santarém","Tapajós National Forest (K67 site), near Santarém, higher seasonality forest (HSF)","-2.850000","-54.966667",,"high seasonal forest","mean, n:5"
"VA",,,,"Fabaceae","Tachigali chrysophylla","Barros et all 2015","2015","12",,,,,"dry",,"adult","BRAZIL","Pará","Santarém","Tapajós National Forest (K67 site), near Santarém, higher seasonality forest (HSF)","-2.850000","-54.966667",,"high seasonal forest","mean, n:2"
"Kh",,,"1.5","Violaceae","Amphyrrhox longifolia","Barros et all 2015","2015","12",,,,,"dry",,"adult","BRAZIL","Pará","Santarém","Tapajós National Forest (K67 site), near Santarém, higher seasonality forest (HSF)","-2.850000","-54.966667",,"high seasonal forest","mean, n:5"
"Kh",,,"9.7","Fabaceae","Chamaecrista xinguensis","Barros et all 2015","2015","12",,,,,"dry",,"adult","BRAZIL","Pará","Santarém","Tapajós National Forest (K67 site), near Santarém, higher seasonality forest (HSF)","-2.850000","-54.966667",,"high seasonal forest","mean, n:3"
"Kh",,,"1.6","Rubiaceae","Coussarea albescens","Barros et all 2015","2015","12",,,,,"dry",,"adult","BRAZIL","Pará","Santarém","Tapajós National Forest (K67 site), near Santarém, higher seasonality forest (HSF)","-2.850000","-54.966667",,"high seasonal forest","mean, n:3"
"Kh",,,"7.9","Humiriaceae","Endopleura uchi","Barros et all 2015","2015","12",,,,,"dry",,"adult","BRAZIL","Pará","Santarém","Tapajós National Forest (K67 site), near Santarém, higher seasonality forest (HSF)","-2.850000","-54.966667",,"high seasonal forest","mean, n:2"
"Kh",,,"5.6","Vochysiaceae","Erisma unsinatum","Barros et all 2015","2015","12",,,,,"dry",,"adult","BRAZIL","Pará","Santarém","Tapajós National Forest (K67 site), near Santarém, higher seasonality forest (HSF)","-2.850000","-54.966667",,"high seasonal forest","mean, n:3"
"Kh",,,,"Sapotaceae","Manilkara huberi","Barros et all 2015","2015","12",,,,,"dry",,"adult","BRAZIL","Pará","Santarém","Tapajós National Forest (K67 site), near Santarém, higher seasonality forest (HSF)","-2.850000","-54.966667",,"high seasonal forest","mean, n:3"
"Kh",,,"123","Lauraceae","Mezilaurus itauba","Barros et all 2015","2015","12",,,,,"dry",,"adult","BRAZIL","Pará","Santarém","Tapajós National Forest (K67 site), near Santarém, higher seasonality forest (HSF)","-2.850000","-54.966667",,"high seasonal forest","mean, n:2"
"Kh",,,"4","Melastomataceae","Miconia lepidota","Barros et all 2015","2015","12",,,,,"dry",,"adult","BRAZIL","Pará","Santarém","Tapajós National Forest (K67 site), near Santarém, higher seasonality forest (HSF)","-2.850000","-54.966667",,"high seasonal forest","mean, n:3"
"Kh",,,,"Olacaceae","Minquartia guianensis","Barros et all 2015","2015","12",,,,,"dry",,"adult","BRAZIL","Pará","Santarém","Tapajós National Forest (K67 site), near Santarém, higher seasonality forest (HSF)","-2.850000","-54.966667",,"high seasonal forest","mean, n:NA"
"Kh",,,"7.5","Burseraceae","Protium apiculatum","Barros et all 2015","2015","12",,,,,"dry",,"adult","BRAZIL","Pará","Santarém","Tapajós National Forest (K67 site), near Santarém, higher seasonality forest (HSF)","-2.850000","-54.966667",,"high seasonal forest","mean, n:3"
"Kh",,,"0.6","Violaceae","Rinourea passourea","Barros et all 2015","2015","12",,,,,"dry",,"adult","BRAZIL","Pará","Santarém","Tapajós National Forest (K67 site), near Santarém, higher seasonality forest (HSF)","-2.850000","-54.966667",,"high seasonal forest","mean, n:5"
"Kh",,,,"Fabaceae","Tachigali chrysophylla","Barros et all 2015","2015","12",,,,,"dry",,"adult","BRAZIL","Pará","Santarém","Tapajós National Forest (K67 site), near Santarém, higher seasonality forest (HSF)","-2.850000","-54.966667",,"high seasonal forest","mean, n:2"
"Dh",,,"15.1","Violaceae","Amphyrrhox longifolia","Barros et all 2015","2015","12",,,,,"dry",,"adult","BRAZIL","Pará","Santarém","Tapajós National Forest (K67 site), near Santarém, higher seasonality forest (HSF)","-2.850000","-54.966667",,"high seasonal forest","mean, n:5"
"Dh",,,"32.9","Fabaceae","Chamaecrista xinguensis","Barros et all 2015","2015","12",,,,,"dry",,"adult","BRAZIL","Pará","Santarém","Tapajós National Forest (K67 site), near Santarém, higher seasonality forest (HSF)","-2.850000","-54.966667",,"high seasonal forest","mean, n:3"
"Dh",,,"14.5","Rubiaceae","Coussarea albescens","Barros et all 2015","2015","12",,,,,"dry",,"adult","BRAZIL","Pará","Santarém","Tapajós National Forest (K67 site), near Santarém, higher seasonality forest (HSF)","-2.850000","-54.966667",,"high seasonal forest","mean, n:3"
"Dh",,,"26.4","Humiriaceae","Endopleura uchi","Barros et all 2015","2015","12",,,,,"dry",,"adult","BRAZIL","Pará","Santarém","Tapajós National Forest (K67 site), near Santarém, higher seasonality forest (HSF)","-2.850000","-54.966667",,"high seasonal forest","mean, n:2"
"Dh",,,"26.5","Vochysiaceae","Erisma unsinatum","Barros et all 2015","2015","12",,,,,"dry",,"adult","BRAZIL","Pará","Santarém","Tapajós National Forest (K67 site), near Santarém, higher seasonality forest (HSF)","-2.850000","-54.966667",,"high seasonal forest","mean, n:3"
"Dh",,,,"Sapotaceae","Manilkara huberi","Barros et all 2015","2015","12",,,,,"dry",,"adult","BRAZIL","Pará","Santarém","Tapajós National Forest (K67 site), near Santarém, higher seasonality forest (HSF)","-2.850000","-54.966667",,"high seasonal forest","mean, n:3"
"Dh",,,"258","Lauraceae","Mezilaurus itauba","Barros et all 2015","2015","12",,,,,"dry",,"adult","BRAZIL","Pará","Santarém","Tapajós National Forest (K67 site), near Santarém, higher seasonality forest (HSF)","-2.850000","-54.966667",,"high seasonal forest","mean, n:2"
"Dh",,,"18.1","Melastomataceae","Miconia lepidota","Barros et all 2015","2015","12",,,,,"dry",,"adult","BRAZIL","Pará","Santarém","Tapajós National Forest (K67 site), near Santarém, higher seasonality forest (HSF)","-2.850000","-54.966667",,"high seasonal forest","mean, n:3"
"Dh",,,,"Olacaceae","Minquartia guianensis","Barros et all 2015","2015","12",,,,,"dry",,"adult","BRAZIL","Pará","Santarém","Tapajós National Forest (K67 site), near Santarém, higher seasonality forest (HSF)","-2.850000","-54.966667",,"high seasonal forest","mean, n:NA"
"Dh",,,"23.3","Burseraceae","Protium apiculatum","Barros et all 2015","2015","12",,,,,"dry",,"adult","BRAZIL","Pará","Santarém","Tapajós National Forest (K67 site), near Santarém, higher seasonality forest (HSF)","-2.850000","-54.966667",,"high seasonal forest","mean, n:3"
"Dh",,,"12.5","Violaceae","Rinourea passourea","Barros et all 2015","2015","12",,,,,"dry",,"adult","BRAZIL","Pará","Santarém","Tapajós National Forest (K67 site), near Santarém, higher seasonality forest (HSF)","-2.850000","-54.966667",,"high seasonal forest","mean, n:5"
"Dh",,,,"Fabaceae","Tachigali chrysophylla","Barros et all 2015","2015","12",,,,,"dry",,"adult","BRAZIL","Pará","Santarém","Tapajós National Forest (K67 site), near Santarém, higher seasonality forest (HSF)","-2.850000","-54.966667",,"high seasonal forest","mean, n:2"
"RD",,,"0.01","Caryocaraceae","Caryocar glabrum","Barros et all 2015","2015","10",,,,,"dry",,"adult","BRAZIL","Amazonas","Manaus","Cuieras Biological Reserve (K34 site), near Manaus,  low seasonality forest (LSF)","2 61 S","60 21 W",,"low seasonal forest","mean, n:2"
"RD",,,"0.14","Fabaceae","Dypterix odorata","Barros et all 2015","2015","10",,,,,"dry",,"adult","BRAZIL","Amazonas","Manaus","Cuieras Biological Reserve (K34 site), near Manaus,  low seasonality forest (LSF)","2 61 S","60 21 W",,"low seasonal forest","mean, n:2"
"RD",,,"1.77","Lecitidaceae","Eschweilera coriaceae","Barros et all 2015","2015","10",,,,,"dry",,"adult","BRAZIL","Amazonas","Manaus","Cuieras Biological Reserve (K34 site), near Manaus,  low seasonality forest (LSF)","2 61 S","60 21 W",,"low seasonal forest","mean, n:4"
"RD",,,"0.26","Lecitidaceae","Eschweilera cyathiformis","Barros et all 2015","2015","10",,,,,"dry",,"adult","BRAZIL","Amazonas","Manaus","Cuieras Biological Reserve (K34 site), near Manaus,  low seasonality forest (LSF)","2 61 S","60 21 W",,"low seasonal forest","mean, n:1"
"RD",,,"0.54","Lecitidaceae","Eschweilera sp.","Barros et all 2015","2015","10",,,,,"dry",,"adult","BRAZIL","Amazonas","Manaus","Cuieras Biological Reserve (K34 site), near Manaus,  low seasonality forest (LSF)","2 61 S","60 21 W",,"low seasonal forest","mean, n:1"
"RD",,,"3.02","Lecitidaceae","Eschweilera wachenheimii","Barros et all 2015","2015","10",,,,,"dry",,"adult","BRAZIL","Amazonas","Manaus","Cuieras Biological Reserve (K34 site), near Manaus,  low seasonality forest (LSF)","2 61 S","60 21 W",,"low seasonal forest","mean, n:2"
"RD",,,"1.2","Celastraceae","Goupia glabra","Barros et all 2015","2015","10",,,,,"dry",,"adult","BRAZIL","Amazonas","Manaus","Cuieras Biological Reserve (K34 site), near Manaus,  low seasonality forest (LSF)","2 61 S","60 21 W",,"low seasonal forest","mean, n:3"
"RD",,,"0.09","Lecitidaceae","Gustavia elliptica","Barros et all 2015","2015","10",,,,,"dry",,"adult","BRAZIL","Amazonas","Manaus","Cuieras Biological Reserve (K34 site), near Manaus,  low seasonality forest (LSF)","2 61 S","60 21 W",,"low seasonal forest","mean, n:3"
"RD",,,"0.76","Lecitidaceae","Lecyths prancei","Barros et all 2015","2015","10",,,,,"dry",,"adult","BRAZIL","Amazonas","Manaus","Cuieras Biological Reserve (K34 site), near Manaus,  low seasonality forest (LSF)","2 61 S","60 21 W",,"low seasonal forest","mean, n:3"
"RD",,,"0.24","Moraceae","Maquira sclerophylla","Barros et all 2015","2015","10",,,,,"dry",,"adult","BRAZIL","Amazonas","Manaus","Cuieras Biological Reserve (K34 site), near Manaus,  low seasonality forest (LSF)","2 61 S","60 21 W",,"low seasonal forest","mean, n:3"
"RD",,,"1.21","Olacaceae","Minquartia guianensis","Barros et all 2015","2015","10",,,,,"dry",,"adult","BRAZIL","Amazonas","Manaus","Cuieras Biological Reserve (K34 site), near Manaus,  low seasonality forest (LSF)","2 61 S","60 21 W",,"low seasonal forest","mean, n:2"
"RD",,,"0.16","Lauraceae","Ocotea sp.","Barros et all 2015","2015","10",,,,,"dry",,"adult","BRAZIL","Amazonas","Manaus","Cuieras Biological Reserve (K34 site), near Manaus,  low seasonality forest (LSF)","2 61 S","60 21 W",,"low seasonal forest","mean, n:2"
"RD",,,"1.05","Sapotaceae","Pouteria anomala","Barros et all 2015","2015","10",,,,,"dry",,"adult","BRAZIL","Amazonas","Manaus","Cuieras Biological Reserve (K34 site), near Manaus,  low seasonality forest (LSF)","2 61 S","60 21 W",,"low seasonal forest","mean, n:3"
"RD",,,"0.38","Sapotaceae","Pouteria erythrochrysa","Barros et all 2015","2015","10",,,,,"dry",,"adult","BRAZIL","Amazonas","Manaus","Cuieras Biological Reserve (K34 site), near Manaus,  low seasonality forest (LSF)","2 61 S","60 21 W",,"low seasonal forest","mean, n:1"
"RD",,,"0.64","Burseraceae","Protium hebetatum","Barros et all 2015","2015","10",,,,,"dry",,"adult","BRAZIL","Amazonas","Manaus","Cuieras Biological Reserve (K34 site), near Manaus,  low seasonality forest (LSF)","2 61 S","60 21 W",,"low seasonal forest","mean, n:3"
"RD",,,"1.37","Bombacaceae","Scleronema micranthum","Barros et all 2015","2015","10",,,,,"dry",,"adult","BRAZIL","Amazonas","Manaus","Cuieras Biological Reserve (K34 site), near Manaus,  low seasonality forest (LSF)","2 61 S","60 21 W",,"low seasonal forest","mean, n:3"
"RD",,,"0.85","Fabaceae","Zygia racemosa","Barros et all 2015","2015","10",,,,,"dry",,"adult","BRAZIL","Amazonas","Manaus","Cuieras Biological Reserve (K34 site), near Manaus,  low seasonality forest (LSF)","2 61 S","60 21 W",,"low seasonal forest","mean, n:3"
"Ψ50","MPa","pneumatic method (Pereira et al., 2016)","-1.78","Caryocaraceae","Caryocar glabrum","Barros et all 2015","2015","10",,,,,"dry",,"adult","BRAZIL","Amazonas","Manaus","Cuieras Biological Reserve (K34 site), near Manaus,  low seasonality forest (LSF)","2 61 S","60 21 W",,"low seasonal forest","mean, n:2"
"Ψ50","MPa","pneumatic method (Pereira et al., 2016)","-4.47","Fabaceae","Dypterix odorata","Barros et all 2015","2015","10",,,,,"dry",,"adult","BRAZIL","Amazonas","Manaus","Cuieras Biological Reserve (K34 site), near Manaus,  low seasonality forest (LSF)","2 61 S","60 21 W",,"low seasonal forest","mean, n:2"
"Ψ50","MPa","pneumatic method (Pereira et al., 2016)","-1.57","Lecitidaceae","Eschweilera coriaceae","Barros et all 2015","2015","10",,,,,"dry",,"adult","BRAZIL","Amazonas","Manaus","Cuieras Biological Reserve (K34 site), near Manaus,  low seasonality forest (LSF)","2 61 S","60 21 W",,"low seasonal forest","mean, n:4"
"Ψ50","MPa","pneumatic method (Pereira et al., 2016)","-3.05","Lecitidaceae","Eschweilera cyathiformis","Barros et all 2015","2015","10",,,,,"dry",,"adult","BRAZIL","Amazonas","Manaus","Cuieras Biological Reserve (K34 site), near Manaus,  low seasonality forest (LSF)","2 61 S","60 21 W",,"low seasonal forest","mean, n:1"
"Ψ50","MPa","pneumatic method (Pereira et al., 2016)","-2.47","Lecitidaceae","Eschweilera sp.","Barros et all 2015","2015","10",,,,,"dry",,"adult","BRAZIL","Amazonas","Manaus","Cuieras Biological Reserve (K34 site), near Manaus,  low seasonality forest (LSF)","2 61 S","60 21 W",,"low seasonal forest","mean, n:1"
"Ψ50","MPa","pneumatic method (Pereira et al., 2016)","-2.19","Lecitidaceae","Eschweilera wachenheimii","Barros et all 2015","2015","10",,,,,"dry",,"adult","BRAZIL","Amazonas","Manaus","Cuieras Biological Reserve (K34 site), near Manaus,  low seasonality forest (LSF)","2 61 S","60 21 W",,"low seasonal forest","mean, n:2"
"Ψ50","MPa","pneumatic method (Pereira et al., 2016)","-2.2","Celastraceae","Goupia glabra","Barros et all 2015","2015","10",,,,,"dry",,"adult","BRAZIL","Amazonas","Manaus","Cuieras Biological Reserve (K34 site), near Manaus,  low seasonality forest (LSF)","2 61 S","60 21 W",,"low seasonal forest","mean, n:3"
"Ψ50","MPa","pneumatic method (Pereira et al., 2016)","-2.75","Lecitidaceae","Gustavia elliptica","Barros et all 2015","2015","10",,,,,"dry",,"adult","BRAZIL","Amazonas","Manaus","Cuieras Biological Reserve (K34 site), near Manaus,  low seasonality forest (LSF)","2 61 S","60 21 W",,"low seasonal forest","mean, n:3"
"Ψ50","MPa","pneumatic method (Pereira et al., 2016)","-1.8","Lecitidaceae","Lecyths prancei","Barros et all 2015","2015","10",,,,,"dry",,"adult","BRAZIL","Amazonas","Manaus","Cuieras Biological Reserve (K34 site), near Manaus,  low seasonality forest (LSF)","2 61 S","60 21 W",,"low seasonal forest","mean, n:3"
"Ψ50","MPa","pneumatic method (Pereira et al., 2016)","-2.21","Moraceae","Maquira sclerophylla","Barros et all 2015","2015","10",,,,,"dry",,"adult","BRAZIL","Amazonas","Manaus","Cuieras Biological Reserve (K34 site), near Manaus,  low seasonality forest (LSF)","2 61 S","60 21 W",,"low seasonal forest","mean, n:3"
"Ψ50","MPa","pneumatic method (Pereira et al., 2016)","-2.16","Olacaceae","Minquartia guianensis","Barros et all 2015","2015","10",,,,,"dry",,"adult","BRAZIL","Amazonas","Manaus","Cuieras Biological Reserve (K34 site), near Manaus,  low seasonality forest (LSF)","2 61 S","60 21 W",,"low seasonal forest","mean, n:2"
"Ψ50","MPa","pneumatic method (Pereira et al., 2016)","-1.84","Lauraceae","Ocotea sp.","Barros et all 2015","2015","10",,,,,"dry",,"adult","BRAZIL","Amazonas","Manaus","Cuieras Biological Reserve (K34 site), near Manaus,  low seasonality forest (LSF)","2 61 S","60 21 W",,"low seasonal forest","mean, n:2"
"Ψ50","MPa","pneumatic method (Pereira et al., 2016)","-1.01","Sapotaceae","Pouteria anomala","Barros et all 2015","2015","10",,,,,"dry",,"adult","BRAZIL","Amazonas","Manaus","Cuieras Biological Reserve (K34 site), near Manaus,  low seasonality forest (LSF)","2 61 S","60 21 W",,"low seasonal forest","mean, n:3"
"Ψ50","MPa","pneumatic method (Pereira et al., 2016)","-3.92","Sapotaceae","Pouteria erythrochrysa","Barros et all 2015","2015","10",,,,,"dry",,"adult","BRAZIL","Amazonas","Manaus","Cuieras Biological Reserve (K34 site), near Manaus,  low seasonality forest (LSF)","2 61 S","60 21 W",,"low seasonal forest","mean, n:1"
"Ψ50","MPa","pneumatic method (Pereira et al., 2016)","-1.49","Burseraceae","Protium hebetatum","Barros et all 2015","2015","10",,,,,"dry",,"adult","BRAZIL","Amazonas","Manaus","Cuieras Biological Reserve (K34 site), near Manaus,  low seasonality forest (LSF)","2 61 S","60 21 W",,"low seasonal forest","mean, n:3"
"Ψ50","MPa","pneumatic method (Pereira et al., 2016)","-1.77","Bombacaceae","Scleronema micranthum","Barros et all 2015","2015","10",,,,,"dry",,"adult","BRAZIL","Amazonas","Manaus","Cuieras Biological Reserve (K34 site), near Manaus,  low seasonality forest (LSF)","2 61 S","60 21 W",,"low seasonal forest","mean, n:3"
"Ψ50","MPa","pneumatic method (Pereira et al., 2016)","-3.02","Fabaceae","Zygia racemosa","Barros et all 2015","2015","10",,,,,"dry",,"adult","BRAZIL","Amazonas","Manaus","Cuieras Biological Reserve (K34 site), near Manaus,  low seasonality forest (LSF)","2 61 S","60 21 W",,"low seasonal forest","mean, n:3"
"Ψ88","MPa","pneumatic method (Pereira et al., 2016)","-3.1","Caryocaraceae","Caryocar glabrum","Barros et all 2015","2015","10",,,,,"dry",,"adult","BRAZIL","Amazonas","Manaus","Cuieras Biological Reserve (K34 site), near Manaus,  low seasonality forest (LSF)","2 61 S","60 21 W",,"low seasonal forest","mean, n:2"
"Ψ88","MPa","pneumatic method (Pereira et al., 2016)","-6.22","Fabaceae","Dypterix odorata","Barros et all 2015","2015","10",,,,,"dry",,"adult","BRAZIL","Amazonas","Manaus","Cuieras Biological Reserve (K34 site), near Manaus,  low seasonality forest (LSF)","2 61 S","60 21 W",,"low seasonal forest","mean, n:2"
"Ψ88","MPa","pneumatic method (Pereira et al., 2016)","-1.59","Lecitidaceae","Eschweilera coriaceae","Barros et all 2015","2015","10",,,,,"dry",,"adult","BRAZIL","Amazonas","Manaus","Cuieras Biological Reserve (K34 site), near Manaus,  low seasonality forest (LSF)","2 61 S","60 21 W",,"low seasonal forest","mean, n:4"
"Ψ88","MPa","pneumatic method (Pereira et al., 2016)","-4.74","Lecitidaceae","Eschweilera cyathiformis","Barros et all 2015","2015","10",,,,,"dry",,"adult","BRAZIL","Amazonas","Manaus","Cuieras Biological Reserve (K34 site), near Manaus,  low seasonality forest (LSF)","2 61 S","60 21 W",,"low seasonal forest","mean, n:1"
"Ψ88","MPa","pneumatic method (Pereira et al., 2016)","-6.2","Lecitidaceae","Eschweilera sp.","Barros et all 2015","2015","10",,,,,"dry",,"adult","BRAZIL","Amazonas","Manaus","Cuieras Biological Reserve (K34 site), near Manaus,  low seasonality forest (LSF)","2 61 S","60 21 W",,"low seasonal forest","mean, n:1"
"Ψ88","MPa","pneumatic method (Pereira et al., 2016)","-2.86","Lecitidaceae","Eschweilera wachenheimii","Barros et all 2015","2015","10",,,,,"dry",,"adult","BRAZIL","Amazonas","Manaus","Cuieras Biological Reserve (K34 site), near Manaus,  low seasonality forest (LSF)","2 61 S","60 21 W",,"low seasonal forest","mean, n:2"
"Ψ88","MPa","pneumatic method (Pereira et al., 2016)","-3.8","Celastraceae","Goupia glabra","Barros et all 2015","2015","10",,,,,"dry",,"adult","BRAZIL","Amazonas","Manaus","Cuieras Biological Reserve (K34 site), near Manaus,  low seasonality forest (LSF)","2 61 S","60 21 W",,"low seasonal forest","mean, n:3"
"Ψ88","MPa","pneumatic method (Pereira et al., 2016)","-6.64","Lecitidaceae","Gustavia elliptica","Barros et all 2015","2015","10",,,,,"dry",,"adult","BRAZIL","Amazonas","Manaus","Cuieras Biological Reserve (K34 site), near Manaus,  low seasonality forest (LSF)","2 61 S","60 21 W",,"low seasonal forest","mean, n:3"
"Ψ88","MPa","pneumatic method (Pereira et al., 2016)","-2.13","Lecitidaceae","Lecyths prancei","Barros et all 2015","2015","10",,,,,"dry",,"adult","BRAZIL","Amazonas","Manaus","Cuieras Biological Reserve (K34 site), near Manaus,  low seasonality forest (LSF)","2 61 S","60 21 W",,"low seasonal forest","mean, n:3"
"Ψ88","MPa","pneumatic method (Pereira et al., 2016)","-3.82","Moraceae","Maquira sclerophylla","Barros et all 2015","2015","10",,,,,"dry",,"adult","BRAZIL","Amazonas","Manaus","Cuieras Biological Reserve (K34 site), near Manaus,  low seasonality forest (LSF)","2 61 S","60 21 W",,"low seasonal forest","mean, n:3"
"Ψ88","MPa","pneumatic method (Pereira et al., 2016)","-4.56","Olacaceae","Minquartia guianensis","Barros et all 2015","2015","10",,,,,"dry",,"adult","BRAZIL","Amazonas","Manaus","Cuieras Biological Reserve (K34 site), near Manaus,  low seasonality forest (LSF)","2 61 S","60 21 W",,"low seasonal forest","mean, n:2"
"Ψ88","MPa","pneumatic method (Pereira et al., 2016)","-3.6","Lauraceae","Ocotea sp.","Barros et all 2015","2015","10",,,,,"dry",,"adult","BRAZIL","Amazonas","Manaus","Cuieras Biological Reserve (K34 site), near Manaus,  low seasonality forest (LSF)","2 61 S","60 21 W",,"low seasonal forest","mean, n:2"
"Ψ88","MPa","pneumatic method (Pereira et al., 2016)","-1.47","Sapotaceae","Pouteria anomala","Barros et all 2015","2015","10",,,,,"dry",,"adult","BRAZIL","Amazonas","Manaus","Cuieras Biological Reserve (K34 site), near Manaus,  low seasonality forest (LSF)","2 61 S","60 21 W",,"low seasonal forest","mean, n:3"
"Ψ88","MPa","pneumatic method (Pereira et al., 2016)","-6.96","Sapotaceae","Pouteria erythrochrysa","Barros et all 2015","2015","10",,,,,"dry",,"adult","BRAZIL","Amazonas","Manaus","Cuieras Biological Reserve (K34 site), near Manaus,  low seasonality forest (LSF)","2 61 S","60 21 W",,"low seasonal forest","mean, n:1"
"Ψ88","MPa","pneumatic method (Pereira et al., 2016)","-3.52","Burseraceae","Protium hebetatum","Barros et all 2015","2015","10",,,,,"dry",,"adult","BRAZIL","Amazonas","Manaus","Cuieras Biological Reserve (K34 site), near Manaus,  low seasonality forest (LSF)","2 61 S","60 21 W",,"low seasonal forest","mean, n:3"
"Ψ88","MPa","pneumatic method (Pereira et al., 2016)","-1.97","Bombacaceae","Scleronema micranthum","Barros et all 2015","2015","10",,,,,"dry",,"adult","BRAZIL","Amazonas","Manaus","Cuieras Biological Reserve (K34 site), near Manaus,  low seasonality forest (LSF)","2 61 S","60 21 W",,"low seasonal forest","mean, n:3"
"Ψ88","MPa","pneumatic method (Pereira et al., 2016)","-6.19","Fabaceae","Zygia racemosa","Barros et all 2015","2015","10",,,,,"dry",,"adult","BRAZIL","Amazonas","Manaus","Cuieras Biological Reserve (K34 site), near Manaus,  low seasonality forest (LSF)","2 61 S","60 21 W",,"low seasonal forest","mean, n:3"
"ΨnonENSO","MPa","pneumatic method (Pereira et al., 2016)","-0.71","Caryocaraceae","Caryocar glabrum","Barros et all 2015","2016","8",,,,,"dry",,"adult","BRAZIL","Amazonas","Manaus","Cuieras Biological Reserve (K34 site), near Manaus,  low seasonality forest (LSF)","2 61 S","60 21 W",,"low seasonal forest","mean, n:2"
"ΨnonENSO","MPa","pneumatic method (Pereira et al., 2016)","-0.95","Fabaceae","Dypterix odorata","Barros et all 2015","2016","8",,,,,"dry",,"adult","BRAZIL","Amazonas","Manaus","Cuieras Biological Reserve (K34 site), near Manaus,  low seasonality forest (LSF)","2 61 S","60 21 W",,"low seasonal forest","mean, n:2"
"ΨnonENSO","MPa","pneumatic method (Pereira et al., 2016)","-1.41","Lecitidaceae","Eschweilera coriaceae","Barros et all 2015","2016","8",,,,,"dry",,"adult","BRAZIL","Amazonas","Manaus","Cuieras Biological Reserve (K34 site), near Manaus,  low seasonality forest (LSF)","2 61 S","60 21 W",,"low seasonal forest","mean, n:4"
"ΨnonENSO","MPa","pneumatic method (Pereira et al., 2016)","-0.8","Lecitidaceae","Eschweilera cyathiformis","Barros et all 2015","2016","8",,,,,"dry",,"adult","BRAZIL","Amazonas","Manaus","Cuieras Biological Reserve (K34 site), near Manaus,  low seasonality forest (LSF)","2 61 S","60 21 W",,"low seasonal forest","mean, n:1"
"ΨnonENSO","MPa","pneumatic method (Pereira et al., 2016)","-1.71","Lecitidaceae","Eschweilera sp.","Barros et all 2015","2016","8",,,,,"dry",,"adult","BRAZIL","Amazonas","Manaus","Cuieras Biological Reserve (K34 site), near Manaus,  low seasonality forest (LSF)","2 61 S","60 21 W",,"low seasonal forest","mean, n:1"
"ΨnonENSO","MPa","pneumatic method (Pereira et al., 2016)","-1.51","Lecitidaceae","Eschweilera wachenheimii","Barros et all 2015","2016","8",,,,,"dry",,"adult","BRAZIL","Amazonas","Manaus","Cuieras Biological Reserve (K34 site), near Manaus,  low seasonality forest (LSF)","2 61 S","60 21 W",,"low seasonal forest","mean, n:2"
"ΨnonENSO","MPa","pneumatic method (Pereira et al., 2016)","-0.57","Celastraceae","Goupia glabra","Barros et all 2015","2016","8",,,,,"dry",,"adult","BRAZIL","Amazonas","Manaus","Cuieras Biological Reserve (K34 site), near Manaus,  low seasonality forest (LSF)","2 61 S","60 21 W",,"low seasonal forest","mean, n:3"
"ΨnonENSO","MPa","pneumatic method (Pereira et al., 2016)","-1.43","Lecitidaceae","Gustavia elliptica","Barros et all 2015","2016","8",,,,,"dry",,"adult","BRAZIL","Amazonas","Manaus","Cuieras Biological Reserve (K34 site), near Manaus,  low seasonality forest (LSF)","2 61 S","60 21 W",,"low seasonal forest","mean, n:3"
"ΨnonENSO","MPa","pneumatic method (Pereira et al., 2016)","-2.09","Lecitidaceae","Lecyths prancei","Barros et all 2015","2016","8",,,,,"dry",,"adult","BRAZIL","Amazonas","Manaus","Cuieras Biological Reserve (K34 site), near Manaus,  low seasonality forest (LSF)","2 61 S","60 21 W",,"low seasonal forest","mean, n:3"
"ΨnonENSO","MPa","pneumatic method (Pereira et al., 2016)","-1.07","Moraceae","Maquira sclerophylla","Barros et all 2015","2016","8",,,,,"dry",,"adult","BRAZIL","Amazonas","Manaus","Cuieras Biological Reserve (K34 site), near Manaus,  low seasonality forest (LSF)","2 61 S","60 21 W",,"low seasonal forest","mean, n:3"
"ΨnonENSO","MPa","pneumatic method (Pereira et al., 2016)","-1.28","Olacaceae","Minquartia guianensis","Barros et all 2015","2016","8",,,,,"dry",,"adult","BRAZIL","Amazonas","Manaus","Cuieras Biological Reserve (K34 site), near Manaus,  low seasonality forest (LSF)","2 61 S","60 21 W",,"low seasonal forest","mean, n:2"
"ΨnonENSO","MPa","pneumatic method (Pereira et al., 2016)","-0.91","Lauraceae","Ocotea sp.","Barros et all 2015","2016","8",,,,,"dry",,"adult","BRAZIL","Amazonas","Manaus","Cuieras Biological Reserve (K34 site), near Manaus,  low seasonality forest (LSF)","2 61 S","60 21 W",,"low seasonal forest","mean, n:2"
"ΨnonENSO","MPa","pneumatic method (Pereira et al., 2016)","-0.9","Sapotaceae","Pouteria anomala","Barros et all 2015","2016","8",,,,,"dry",,"adult","BRAZIL","Amazonas","Manaus","Cuieras Biological Reserve (K34 site), near Manaus,  low seasonality forest (LSF)","2 61 S","60 21 W",,"low seasonal forest","mean, n:3"
"ΨnonENSO","MPa","pneumatic method (Pereira et al., 2016)","-0.88","Sapotaceae","Pouteria erythrochrysa","Barros et all 2015","2016","8",,,,,"dry",,"adult","BRAZIL","Amazonas","Manaus","Cuieras Biological Reserve (K34 site), near Manaus,  low seasonality forest (LSF)","2 61 S","60 21 W",,"low seasonal forest","mean, n:1"
"ΨnonENSO","MPa","pneumatic method (Pereira et al., 2016)","-0.71","Burseraceae","Protium hebetatum","Barros et all 2015","2016","8",,,,,"dry",,"adult","BRAZIL","Amazonas","Manaus","Cuieras Biological Reserve (K34 site), near Manaus,  low seasonality forest (LSF)","2 61 S","60 21 W",,"low seasonal forest","mean, n:3"
"ΨnonENSO","MPa","pneumatic method (Pereira et al., 2016)","-1.16","Bombacaceae","Scleronema micranthum","Barros et all 2015","2016","8",,,,,"dry",,"adult","BRAZIL","Amazonas","Manaus","Cuieras Biological Reserve (K34 site), near Manaus,  low seasonality forest (LSF)","2 61 S","60 21 W",,"low seasonal forest","mean, n:3"
"ΨnonENSO","MPa","pneumatic method (Pereira et al., 2016)","-0.49","Fabaceae","Zygia racemosa","Barros et all 2015","2016","8",,,,,"dry",,"adult","BRAZIL","Amazonas","Manaus","Cuieras Biological Reserve (K34 site), near Manaus,  low seasonality forest (LSF)","2 61 S","60 21 W",,"low seasonal forest","mean, n:3"
"ΨENSO","MPa","pneumatic method (Pereira et al., 2016)","-1.1","Caryocaraceae","Caryocar glabrum","Barros et all 2015","2015","10",,,,,"dry",,"adult","BRAZIL","Amazonas","Manaus","Cuieras Biological Reserve (K34 site), near Manaus,  low seasonality forest (LSF)","2 61 S","60 21 W",,"low seasonal forest","mean, n:2"
"ΨENSO","MPa","pneumatic method (Pereira et al., 2016)","-2.61","Fabaceae","Dypterix odorata","Barros et all 2015","2015","10",,,,,"dry",,"adult","BRAZIL","Amazonas","Manaus","Cuieras Biological Reserve (K34 site), near Manaus,  low seasonality forest (LSF)","2 61 S","60 21 W",,"low seasonal forest","mean, n:2"
"ΨENSO","MPa","pneumatic method (Pereira et al., 2016)","-1.54","Lecitidaceae","Eschweilera coriaceae","Barros et all 2015","2015","10",,,,,"dry",,"adult","BRAZIL","Amazonas","Manaus","Cuieras Biological Reserve (K34 site), near Manaus,  low seasonality forest (LSF)","2 61 S","60 21 W",,"low seasonal forest","mean, n:4"
"ΨENSO","MPa","pneumatic method (Pereira et al., 2016)","-2895","Lecitidaceae","Eschweilera cyathiformis","Barros et all 2015","2015","10",,,,,"dry",,"adult","BRAZIL","Amazonas","Manaus","Cuieras Biological Reserve (K34 site), near Manaus,  low seasonality forest (LSF)","2 61 S","60 21 W",,"low seasonal forest","mean, n:1"
"ΨENSO","MPa","pneumatic method (Pereira et al., 2016)","-2545","Lecitidaceae","Eschweilera sp.","Barros et all 2015","2015","10",,,,,"dry",,"adult","BRAZIL","Amazonas","Manaus","Cuieras Biological Reserve (K34 site), near Manaus,  low seasonality forest (LSF)","2 61 S","60 21 W",,"low seasonal forest","mean, n:1"
"ΨENSO","MPa","pneumatic method (Pereira et al., 2016)","-1.59","Lecitidaceae","Eschweilera wachenheimii","Barros et all 2015","2015","10",,,,,"dry",,"adult","BRAZIL","Amazonas","Manaus","Cuieras Biological Reserve (K34 site), near Manaus,  low seasonality forest (LSF)","2 61 S","60 21 W",,"low seasonal forest","mean, n:2"
"ΨENSO","MPa","pneumatic method (Pereira et al., 2016)","-1.14","Celastraceae","Goupia glabra","Barros et all 2015","2015","10",,,,,"dry",,"adult","BRAZIL","Amazonas","Manaus","Cuieras Biological Reserve (K34 site), near Manaus,  low seasonality forest (LSF)","2 61 S","60 21 W",,"low seasonal forest","mean, n:3"
"ΨENSO","MPa","pneumatic method (Pereira et al., 2016)","-1.63","Lecitidaceae","Gustavia elliptica","Barros et all 2015","2015","10",,,,,"dry",,"adult","BRAZIL","Amazonas","Manaus","Cuieras Biological Reserve (K34 site), near Manaus,  low seasonality forest (LSF)","2 61 S","60 21 W",,"low seasonal forest","mean, n:3"
"ΨENSO","MPa","pneumatic method (Pereira et al., 2016)","-1.93","Lecitidaceae","Lecyths prancei","Barros et all 2015","2015","10",,,,,"dry",,"adult","BRAZIL","Amazonas","Manaus","Cuieras Biological Reserve (K34 site), near Manaus,  low seasonality forest (LSF)","2 61 S","60 21 W",,"low seasonal forest","mean, n:3"
"ΨENSO","MPa","pneumatic method (Pereira et al., 2016)","-1.72","Moraceae","Maquira sclerophylla","Barros et all 2015","2015","10",,,,,"dry",,"adult","BRAZIL","Amazonas","Manaus","Cuieras Biological Reserve (K34 site), near Manaus,  low seasonality forest (LSF)","2 61 S","60 21 W",,"low seasonal forest","mean, n:3"
"ΨENSO","MPa","pneumatic method (Pereira et al., 2016)","-1.8","Olacaceae","Minquartia guianensis","Barros et all 2015","2015","10",,,,,"dry",,"adult","BRAZIL","Amazonas","Manaus","Cuieras Biological Reserve (K34 site), near Manaus,  low seasonality forest (LSF)","2 61 S","60 21 W",,"low seasonal forest","mean, n:2"
"ΨENSO","MPa","pneumatic method (Pereira et al., 2016)","-2.16","Lauraceae","Ocotea sp.","Barros et all 2015","2015","10",,,,,"dry",,"adult","BRAZIL","Amazonas","Manaus","Cuieras Biological Reserve (K34 site), near Manaus,  low seasonality forest (LSF)","2 61 S","60 21 W",,"low seasonal forest","mean, n:2"
"ΨENSO","MPa","pneumatic method (Pereira et al., 2016)","-1.35","Sapotaceae","Pouteria anomala","Barros et all 2015","2015","10",,,,,"dry",,"adult","BRAZIL","Amazonas","Manaus","Cuieras Biological Reserve (K34 site), near Manaus,  low seasonality forest (LSF)","2 61 S","60 21 W",,"low seasonal forest","mean, n:3"
"ΨENSO","MPa","pneumatic method (Pereira et al., 2016)","-1.43","Sapotaceae","Pouteria erythrochrysa","Barros et all 2015","2015","10",,,,,"dry",,"adult","BRAZIL","Amazonas","Manaus","Cuieras Biological Reserve (K34 site), near Manaus,  low seasonality forest (LSF)","2 61 S","60 21 W",,"low seasonal forest","mean, n:1"
"ΨENSO","MPa","pneumatic method (Pereira et al., 2016)","-1.16","Burseraceae","Protium hebetatum","Barros et all 2015","2015","10",,,,,"dry",,"adult","BRAZIL","Amazonas","Manaus","Cuieras Biological Reserve (K34 site), near Manaus,  low seasonality forest (LSF)","2 61 S","60 21 W",,"low seasonal forest","mean, n:3"
"ΨENSO","MPa","pneumatic method (Pereira et al., 2016)","-1.13","Bombacaceae","Scleronema micranthum","Barros et all 2015","2015","10",,,,,"dry",,"adult","BRAZIL","Amazonas","Manaus","Cuieras Biological Reserve (K34 site), near Manaus,  low seasonality forest (LSF)","2 61 S","60 21 W",,"low seasonal forest","mean, n:3"
"ΨENSO","MPa","pneumatic method (Pereira et al., 2016)","-1.16","Fabaceae","Zygia racemosa","Barros et all 2015","2015","10",,,,,"dry",,"adult","BRAZIL","Amazonas","Manaus","Cuieras Biological Reserve (K34 site), near Manaus,  low seasonality forest (LSF)","2 61 S","60 21 W",,"low seasonal forest","mean, n:3"
"VD",,,"578.2","Caryocaraceae","Caryocar glabrum","Barros et all 2015","2015","10",,,,,"dry",,"adult","BRAZIL","Amazonas","Manaus","Cuieras Biological Reserve (K34 site), near Manaus,  low seasonality forest (LSF)","2 61 S","60 21 W",,"low seasonal forest","mean, n:2"
"VD",,,"285.6","Fabaceae","Dypterix odorata","Barros et all 2015","2015","10",,,,,"dry",,"adult","BRAZIL","Amazonas","Manaus","Cuieras Biological Reserve (K34 site), near Manaus,  low seasonality forest (LSF)","2 61 S","60 21 W",,"low seasonal forest","mean, n:2"
"VD",,,"465.8","Lecitidaceae","Eschweilera coriaceae","Barros et all 2015","2015","10",,,,,"dry",,"adult","BRAZIL","Amazonas","Manaus","Cuieras Biological Reserve (K34 site), near Manaus,  low seasonality forest (LSF)","2 61 S","60 21 W",,"low seasonal forest","mean, n:4"
"VD",,,,"Lecitidaceae","Eschweilera cyathiformis","Barros et all 2015","2015","10",,,,,"dry",,"adult","BRAZIL","Amazonas","Manaus","Cuieras Biological Reserve (K34 site), near Manaus,  low seasonality forest (LSF)","2 61 S","60 21 W",,"low seasonal forest","mean, n:1"
"VD",,,"303","Lecitidaceae","Eschweilera sp.","Barros et all 2015","2015","10",,,,,"dry",,"adult","BRAZIL","Amazonas","Manaus","Cuieras Biological Reserve (K34 site), near Manaus,  low seasonality forest (LSF)","2 61 S","60 21 W",,"low seasonal forest","mean, n:1"
"VD",,,"337.4","Lecitidaceae","Eschweilera wachenheimii","Barros et all 2015","2015","10",,,,,"dry",,"adult","BRAZIL","Amazonas","Manaus","Cuieras Biological Reserve (K34 site), near Manaus,  low seasonality forest (LSF)","2 61 S","60 21 W",,"low seasonal forest","mean, n:2"
"VD",,,"495.2","Celastraceae","Goupia glabra","Barros et all 2015","2015","10",,,,,"dry",,"adult","BRAZIL","Amazonas","Manaus","Cuieras Biological Reserve (K34 site), near Manaus,  low seasonality forest (LSF)","2 61 S","60 21 W",,"low seasonal forest","mean, n:3"
"VD",,,"890.6","Lecitidaceae","Gustavia elliptica","Barros et all 2015","2015","10",,,,,"dry",,"adult","BRAZIL","Amazonas","Manaus","Cuieras Biological Reserve (K34 site), near Manaus,  low seasonality forest (LSF)","2 61 S","60 21 W",,"low seasonal forest","mean, n:3"
"VD",,,"384.2","Lecitidaceae","Lecyths prancei","Barros et all 2015","2015","10",,,,,"dry",,"adult","BRAZIL","Amazonas","Manaus","Cuieras Biological Reserve (K34 site), near Manaus,  low seasonality forest (LSF)","2 61 S","60 21 W",,"low seasonal forest","mean, n:3"
"VD",,,"773.5","Moraceae","Maquira sclerophylla","Barros et all 2015","2015","10",,,,,"dry",,"adult","BRAZIL","Amazonas","Manaus","Cuieras Biological Reserve (K34 site), near Manaus,  low seasonality forest (LSF)","2 61 S","60 21 W",,"low seasonal forest","mean, n:3"
"VD",,,"611.2","Olacaceae","Minquartia guianensis","Barros et all 2015","2015","10",,,,,"dry",,"adult","BRAZIL","Amazonas","Manaus","Cuieras Biological Reserve (K34 site), near Manaus,  low seasonality forest (LSF)","2 61 S","60 21 W",,"low seasonal forest","mean, n:2"
"VD",,,"206.8","Lauraceae","Ocotea sp.","Barros et all 2015","2015","10",,,,,"dry",,"adult","BRAZIL","Amazonas","Manaus","Cuieras Biological Reserve (K34 site), near Manaus,  low seasonality forest (LSF)","2 61 S","60 21 W",,"low seasonal forest","mean, n:2"
"VD",,,"770.4","Sapotaceae","Pouteria anomala","Barros et all 2015","2015","10",,,,,"dry",,"adult","BRAZIL","Amazonas","Manaus","Cuieras Biological Reserve (K34 site), near Manaus,  low seasonality forest (LSF)","2 61 S","60 21 W",,"low seasonal forest","mean, n:3"
"VD",,,,"Sapotaceae","Pouteria erythrochrysa","Barros et all 2015","2015","10",,,,,"dry",,"adult","BRAZIL","Amazonas","Manaus","Cuieras Biological Reserve (K34 site), near Manaus,  low seasonality forest (LSF)","2 61 S","60 21 W",,"low seasonal forest","mean, n:1"
"VD",,,"697.9","Burseraceae","Protium hebetatum","Barros et all 2015","2015","10",,,,,"dry",,"adult","BRAZIL","Amazonas","Manaus","Cuieras Biological Reserve (K34 site), near Manaus,  low seasonality forest (LSF)","2 61 S","60 21 W",,"low seasonal forest","mean, n:3"
"VD",,,"602.3","Bombacaceae","Scleronema micranthum","Barros et all 2015","2015","10",,,,,"dry",,"adult","BRAZIL","Amazonas","Manaus","Cuieras Biological Reserve (K34 site), near Manaus,  low seasonality forest (LSF)","2 61 S","60 21 W",,"low seasonal forest","mean, n:3"
"VD",,,"188.1","Fabaceae","Zygia racemosa","Barros et all 2015","2015","10",,,,,"dry",,"adult","BRAZIL","Amazonas","Manaus","Cuieras Biological Reserve (K34 site), near Manaus,  low seasonality forest (LSF)","2 61 S","60 21 W",,"low seasonal forest","mean, n:3"
"VA",,,"5.9","Caryocaraceae","Caryocar glabrum","Barros et all 2015","2015","10",,,,,"dry",,"adult","BRAZIL","Amazonas","Manaus","Cuieras Biological Reserve (K34 site), near Manaus,  low seasonality forest (LSF)","2 61 S","60 21 W",,"low seasonal forest","mean, n:2"
"VA",,,"13.2","Fabaceae","Dypterix odorata","Barros et all 2015","2015","10",,,,,"dry",,"adult","BRAZIL","Amazonas","Manaus","Cuieras Biological Reserve (K34 site), near Manaus,  low seasonality forest (LSF)","2 61 S","60 21 W",,"low seasonal forest","mean, n:2"
"VA",,,"8.2","Lecitidaceae","Eschweilera coriaceae","Barros et all 2015","2015","10",,,,,"dry",,"adult","BRAZIL","Amazonas","Manaus","Cuieras Biological Reserve (K34 site), near Manaus,  low seasonality forest (LSF)","2 61 S","60 21 W",,"low seasonal forest","mean, n:4"
"VA",,,,"Lecitidaceae","Eschweilera cyathiformis","Barros et all 2015","2015","10",,,,,"dry",,"adult","BRAZIL","Amazonas","Manaus","Cuieras Biological Reserve (K34 site), near Manaus,  low seasonality forest (LSF)","2 61 S","60 21 W",,"low seasonal forest","mean, n:1"
"VA",,,"19.9","Lecitidaceae","Eschweilera sp.","Barros et all 2015","2015","10",,,,,"dry",,"adult","BRAZIL","Amazonas","Manaus","Cuieras Biological Reserve (K34 site), near Manaus,  low seasonality forest (LSF)","2 61 S","60 21 W",,"low seasonal forest","mean, n:1"
"VA",,,"12.1","Lecitidaceae","Eschweilera wachenheimii","Barros et all 2015","2015","10",,,,,"dry",,"adult","BRAZIL","Amazonas","Manaus","Cuieras Biological Reserve (K34 site), near Manaus,  low seasonality forest (LSF)","2 61 S","60 21 W",,"low seasonal forest","mean, n:2"
"VA",,,"7.6","Celastraceae","Goupia glabra","Barros et all 2015","2015","10",,,,,"dry",,"adult","BRAZIL","Amazonas","Manaus","Cuieras Biological Reserve (K34 site), near Manaus,  low seasonality forest (LSF)","2 61 S","60 21 W",,"low seasonal forest","mean, n:3"
"VA",,,"6.2","Lecitidaceae","Gustavia elliptica","Barros et all 2015","2015","10",,,,,"dry",,"adult","BRAZIL","Amazonas","Manaus","Cuieras Biological Reserve (K34 site), near Manaus,  low seasonality forest (LSF)","2 61 S","60 21 W",,"low seasonal forest","mean, n:3"
"VA",,,"10","Lecitidaceae","Lecyths prancei","Barros et all 2015","2015","10",,,,,"dry",,"adult","BRAZIL","Amazonas","Manaus","Cuieras Biological Reserve (K34 site), near Manaus,  low seasonality forest (LSF)","2 61 S","60 21 W",,"low seasonal forest","mean, n:3"
"VA",,,"5.9","Moraceae","Maquira sclerophylla","Barros et all 2015","2015","10",,,,,"dry",,"adult","BRAZIL","Amazonas","Manaus","Cuieras Biological Reserve (K34 site), near Manaus,  low seasonality forest (LSF)","2 61 S","60 21 W",,"low seasonal forest","mean, n:3"
"VA",,,"11.1","Olacaceae","Minquartia guianensis","Barros et all 2015","2015","10",,,,,"dry",,"adult","BRAZIL","Amazonas","Manaus","Cuieras Biological Reserve (K34 site), near Manaus,  low seasonality forest (LSF)","2 61 S","60 21 W",,"low seasonal forest","mean, n:2"
"VA",,,"17.8","Lauraceae","Ocotea sp.","Barros et all 2015","2015","10",,,,,"dry",,"adult","BRAZIL","Amazonas","Manaus","Cuieras Biological Reserve (K34 site), near Manaus,  low seasonality forest (LSF)","2 61 S","60 21 W",,"low seasonal forest","mean, n:2"
"VA",,,"5.9","Sapotaceae","Pouteria anomala","Barros et all 2015","2015","10",,,,,"dry",,"adult","BRAZIL","Amazonas","Manaus","Cuieras Biological Reserve (K34 site), near Manaus,  low seasonality forest (LSF)","2 61 S","60 21 W",,"low seasonal forest","mean, n:3"
"VA",,,,"Sapotaceae","Pouteria erythrochrysa","Barros et all 2015","2015","10",,,,,"dry",,"adult","BRAZIL","Amazonas","Manaus","Cuieras Biological Reserve (K34 site), near Manaus,  low seasonality forest (LSF)","2 61 S","60 21 W",,"low seasonal forest","mean, n:1"
"VA",,,"8.5","Burseraceae","Protium hebetatum","Barros et all 2015","2015","10",,,,,"dry",,"adult","BRAZIL","Amazonas","Manaus","Cuieras Biological Reserve (K34 site), near Manaus,  low seasonality forest (LSF)","2 61 S","60 21 W",,"low seasonal forest","mean, n:3"
"VA",,,"5.8","Bombacaceae","Scleronema micranthum","Barros et all 2015","2015","10",,,,,"dry",,"adult","BRAZIL","Amazonas","Manaus","Cuieras Biological Reserve (K34 site), near Manaus,  low seasonality forest (LSF)","2 61 S","60 21 W",,"low seasonal forest","mean, n:3"
"VA",,,"27.6","Fabaceae","Zygia racemosa","Barros et all 2015","2015","10",,,,,"dry",,"adult","BRAZIL","Amazonas","Manaus","Cuieras Biological Reserve (K34 site), near Manaus,  low seasonality forest (LSF)","2 61 S","60 21 W",,"low seasonal forest","mean, n:3"
"Kh",,,"22.6","Caryocaraceae","Caryocar glabrum","Barros et all 2015","2015","10",,,,,"dry",,"adult","BRAZIL","Amazonas","Manaus","Cuieras Biological Reserve (K34 site), near Manaus,  low seasonality forest (LSF)","2 61 S","60 21 W",,"low seasonal forest","mean, n:2"
"Kh",,,"6.5","Fabaceae","Dypterix odorata","Barros et all 2015","2015","10",,,,,"dry",,"adult","BRAZIL","Amazonas","Manaus","Cuieras Biological Reserve (K34 site), near Manaus,  low seasonality forest (LSF)","2 61 S","60 21 W",,"low seasonal forest","mean, n:2"
"Kh",,,"10.6","Lecitidaceae","Eschweilera coriaceae","Barros et all 2015","2015","10",,,,,"dry",,"adult","BRAZIL","Amazonas","Manaus","Cuieras Biological Reserve (K34 site), near Manaus,  low seasonality forest (LSF)","2 61 S","60 21 W",,"low seasonal forest","mean, n:4"
"Kh",,,,"Lecitidaceae","Eschweilera cyathiformis","Barros et all 2015","2015","10",,,,,"dry",,"adult","BRAZIL","Amazonas","Manaus","Cuieras Biological Reserve (K34 site), near Manaus,  low seasonality forest (LSF)","2 61 S","60 21 W",,"low seasonal forest","mean, n:1"
"Kh",,,"3.1","Lecitidaceae","Eschweilera sp.","Barros et all 2015","2015","10",,,,,"dry",,"adult","BRAZIL","Amazonas","Manaus","Cuieras Biological Reserve (K34 site), near Manaus,  low seasonality forest (LSF)","2 61 S","60 21 W",,"low seasonal forest","mean, n:1"
"Kh",,,"7.7","Lecitidaceae","Eschweilera wachenheimii","Barros et all 2015","2015","10",,,,,"dry",,"adult","BRAZIL","Amazonas","Manaus","Cuieras Biological Reserve (K34 site), near Manaus,  low seasonality forest (LSF)","2 61 S","60 21 W",,"low seasonal forest","mean, n:2"
"Kh",,,"16.7","Celastraceae","Goupia glabra","Barros et all 2015","2015","10",,,,,"dry",,"adult","BRAZIL","Amazonas","Manaus","Cuieras Biological Reserve (K34 site), near Manaus,  low seasonality forest (LSF)","2 61 S","60 21 W",,"low seasonal forest","mean, n:3"
"Kh",,,"5.1","Lecitidaceae","Gustavia elliptica","Barros et all 2015","2015","10",,,,,"dry",,"adult","BRAZIL","Amazonas","Manaus","Cuieras Biological Reserve (K34 site), near Manaus,  low seasonality forest (LSF)","2 61 S","60 21 W",,"low seasonal forest","mean, n:3"
"Kh",,,"9.5","Lecitidaceae","Lecyths prancei","Barros et all 2015","2015","10",,,,,"dry",,"adult","BRAZIL","Amazonas","Manaus","Cuieras Biological Reserve (K34 site), near Manaus,  low seasonality forest (LSF)","2 61 S","60 21 W",,"low seasonal forest","mean, n:3"
"Kh",,,"15.8","Moraceae","Maquira sclerophylla","Barros et all 2015","2015","10",,,,,"dry",,"adult","BRAZIL","Amazonas","Manaus","Cuieras Biological Reserve (K34 site), near Manaus,  low seasonality forest (LSF)","2 61 S","60 21 W",,"low seasonal forest","mean, n:3"
"Kh",,,"2","Olacaceae","Minquartia guianensis","Barros et all 2015","2015","10",,,,,"dry",,"adult","BRAZIL","Amazonas","Manaus","Cuieras Biological Reserve (K34 site), near Manaus,  low seasonality forest (LSF)","2 61 S","60 21 W",,"low seasonal forest","mean, n:2"
"Kh",,,"12.8","Lauraceae","Ocotea sp.","Barros et all 2015","2015","10",,,,,"dry",,"adult","BRAZIL","Amazonas","Manaus","Cuieras Biological Reserve (K34 site), near Manaus,  low seasonality forest (LSF)","2 61 S","60 21 W",,"low seasonal forest","mean, n:2"
"Kh",,,"6.9","Sapotaceae","Pouteria anomala","Barros et all 2015","2015","10",,,,,"dry",,"adult","BRAZIL","Amazonas","Manaus","Cuieras Biological Reserve (K34 site), near Manaus,  low seasonality forest (LSF)","2 61 S","60 21 W",,"low seasonal forest","mean, n:3"
"Kh",,,,"Sapotaceae","Pouteria erythrochrysa","Barros et all 2015","2015","10",,,,,"dry",,"adult","BRAZIL","Amazonas","Manaus","Cuieras Biological Reserve (K34 site), near Manaus,  low seasonality forest (LSF)","2 61 S","60 21 W",,"low seasonal forest","mean, n:1"
"Kh",,,"5.8","Burseraceae","Protium hebetatum","Barros et all 2015","2015","10",,,,,"dry",,"adult","BRAZIL","Amazonas","Manaus","Cuieras Biological Reserve (K34 site), near Manaus,  low seasonality forest (LSF)","2 61 S","60 21 W",,"low seasonal forest","mean, n:3"
"Kh",,,"23.9","Bombacaceae","Scleronema micranthum","Barros et all 2015","2015","10",,,,,"dry",,"adult","BRAZIL","Amazonas","Manaus","Cuieras Biological Reserve (K34 site), near Manaus,  low seasonality forest (LSF)","2 61 S","60 21 W",,"low seasonal forest","mean, n:3"
"Kh",,,"3.5","Fabaceae","Zygia racemosa","Barros et all 2015","2015","10",,,,,"dry",,"adult","BRAZIL","Amazonas","Manaus","Cuieras Biological Reserve (K34 site), near Manaus,  low seasonality forest (LSF)","2 61 S","60 21 W",,"low seasonal forest","mean, n:3"
"Dh",,,"34.6","Caryocaraceae","Caryocar glabrum","Barros et all 2015","2015","10",,,,,"dry",,"adult","BRAZIL","Amazonas","Manaus","Cuieras Biological Reserve (K34 site), near Manaus,  low seasonality forest (LSF)","2 61 S","60 21 W",,"low seasonal forest","mean, n:2"
"Dh",,,"30.1","Fabaceae","Dypterix odorata","Barros et all 2015","2015","10",,,,,"dry",,"adult","BRAZIL","Amazonas","Manaus","Cuieras Biological Reserve (K34 site), near Manaus,  low seasonality forest (LSF)","2 61 S","60 21 W",,"low seasonal forest","mean, n:2"
"Dh",,,"30.1","Lecitidaceae","Eschweilera coriaceae","Barros et all 2015","2015","10",,,,,"dry",,"adult","BRAZIL","Amazonas","Manaus","Cuieras Biological Reserve (K34 site), near Manaus,  low seasonality forest (LSF)","2 61 S","60 21 W",,"low seasonal forest","mean, n:4"
"Dh",,,,"Lecitidaceae","Eschweilera cyathiformis","Barros et all 2015","2015","10",,,,,"dry",,"adult","BRAZIL","Amazonas","Manaus","Cuieras Biological Reserve (K34 site), near Manaus,  low seasonality forest (LSF)","2 61 S","60 21 W",,"low seasonal forest","mean, n:1"
"Dh",,,"19.4","Lecitidaceae","Eschweilera sp.","Barros et all 2015","2015","10",,,,,"dry",,"adult","BRAZIL","Amazonas","Manaus","Cuieras Biological Reserve (K34 site), near Manaus,  low seasonality forest (LSF)","2 61 S","60 21 W",,"low seasonal forest","mean, n:1"
"Dh",,,"29.3","Lecitidaceae","Eschweilera wachenheimii","Barros et all 2015","2015","10",,,,,"dry",,"adult","BRAZIL","Amazonas","Manaus","Cuieras Biological Reserve (K34 site), near Manaus,  low seasonality forest (LSF)","2 61 S","60 21 W",,"low seasonal forest","mean, n:2"
"Dh",,,"31","Celastraceae","Goupia glabra","Barros et all 2015","2015","10",,,,,"dry",,"adult","BRAZIL","Amazonas","Manaus","Cuieras Biological Reserve (K34 site), near Manaus,  low seasonality forest (LSF)","2 61 S","60 21 W",,"low seasonal forest","mean, n:3"
"Dh",,,"20.8","Lecitidaceae","Gustavia elliptica","Barros et all 2015","2015","10",,,,,"dry",,"adult","BRAZIL","Amazonas","Manaus","Cuieras Biological Reserve (K34 site), near Manaus,  low seasonality forest (LSF)","2 61 S","60 21 W",,"low seasonal forest","mean, n:3"
"Dh",,,"30.2","Lecitidaceae","Lecyths prancei","Barros et all 2015","2015","10",,,,,"dry",,"adult","BRAZIL","Amazonas","Manaus","Cuieras Biological Reserve (K34 site), near Manaus,  low seasonality forest (LSF)","2 61 S","60 21 W",,"low seasonal forest","mean, n:3"
"Dh",,,"26.5","Moraceae","Maquira sclerophylla","Barros et all 2015","2015","10",,,,,"dry",,"adult","BRAZIL","Amazonas","Manaus","Cuieras Biological Reserve (K34 site), near Manaus,  low seasonality forest (LSF)","2 61 S","60 21 W",,"low seasonal forest","mean, n:3"
"Dh",,,"16.3","Olacaceae","Minquartia guianensis","Barros et all 2015","2015","10",,,,,"dry",,"adult","BRAZIL","Amazonas","Manaus","Cuieras Biological Reserve (K34 site), near Manaus,  low seasonality forest (LSF)","2 61 S","60 21 W",,"low seasonal forest","mean, n:2"
"Dh",,,"33.5","Lauraceae","Ocotea sp.","Barros et all 2015","2015","10",,,,,"dry",,"adult","BRAZIL","Amazonas","Manaus","Cuieras Biological Reserve (K34 site), near Manaus,  low seasonality forest (LSF)","2 61 S","60 21 W",,"low seasonal forest","mean, n:2"
"Dh",,,"23.9","Sapotaceae","Pouteria anomala","Barros et all 2015","2015","10",,,,,"dry",,"adult","BRAZIL","Amazonas","Manaus","Cuieras Biological Reserve (K34 site), near Manaus,  low seasonality forest (LSF)","2 61 S","60 21 W",,"low seasonal forest","mean, n:3"
"Dh",,,,"Sapotaceae","Pouteria erythrochrysa","Barros et all 2015","2015","10",,,,,"dry",,"adult","BRAZIL","Amazonas","Manaus","Cuieras Biological Reserve (K34 site), near Manaus,  low seasonality forest (LSF)","2 61 S","60 21 W",,"low seasonal forest","mean, n:1"
"Dh",,,"19.3","Burseraceae","Protium hebetatum","Barros et all 2015","2015","10",,,,,"dry",,"adult","BRAZIL","Amazonas","Manaus","Cuieras Biological Reserve (K34 site), near Manaus,  low seasonality forest (LSF)","2 61 S","60 21 W",,"low seasonal forest","mean, n:3"
"Dh",,,"34.5","Bombacaceae","Scleronema micranthum","Barros et all 2015","2015","10",,,,,"dry",,"adult","BRAZIL","Amazonas","Manaus","Cuieras Biological Reserve (K34 site), near Manaus,  low seasonality forest (LSF)","2 61 S","60 21 W",,"low seasonal forest","mean, n:3"
"Dh",,,"23","Fabaceae","Zygia racemosa","Barros et all 2015","2015","10",,,,,"dry",,"adult","BRAZIL","Amazonas","Manaus","Cuieras Biological Reserve (K34 site), near Manaus,  low seasonality forest (LSF)","2 61 S","60 21 W",,"low seasonal forest","mean, n:3"
