"Plot","Species","Country","State_Province","County","Localidade","decimalLatitude","decimalLongitude","initialYearSampling","initialMonthSampling","finalYearSampling","finalMonthSampling","seasons","typeVegatation","methodsID","notes","DBH","Tree Light Score","Vcmax","Jmax","Rstem","Rleaf","LMA","Min Gs","Max Gs","ƿ","PLC","P50","SM_p50","Ksmax","Ψpd","Ψmd","Nleaf","Pleaf","LA:SA","Mean Growth"
"Control","Vouacapoua americana","BRAZIL","Pará","Belém","Caxiuanã National Forest Reserve","-1.716667","-51.450000","2016","9","2016","10","dry",,,,"20,8","4","31,04829952","55,21791569","0,214895093","0,573738567","41,5717417","0,008440596","0,103275466","0,588785047","13,10491662","NA","NA","170722,4177","0,405","1,82","NA","0,5","20074,29014","0,000481432"
"Control","Vouacapoua americana",,"Pará","Belém","Caxiuanã National Forest Reserve","-1.716667","-51.450000","2016","9","2016","10","dry",,,,"38,9","4","30,75116915","51,34057742","1,002304307","0,43598343","59,82434308","0,025699729","0,127542347","0,615044248","18,23138323","NA","NA","312749,6473","0,54","2,1","22","0,5","NA","0,000602722"
"Control","Inga alba",,"Pará","Belém","Caxiuanã National Forest Reserve","-1.716667","-51.450000","2016","9","2016","10","dry",,,,"39,3","5","45,325491","75,940406","1,04844506","0,976947899","63,6024292","0,02406383","0,073989417","0,660341556","19,66593271","3,624891658","2,304891658","448373,0304","0,505","1,32","31","0,5","5459,704131","0,000554828"
"Control","Aspidosperma desmanthum",,"Pará","Belém","Caxiuanã National Forest Reserve","-1.716667","-51.450000","2016","9","2016","10","dry",,,,"14,8","4","18,22419386","24,49085792","0,911668502","0,495318153","114,9349483","NA","0,086728484","0,513056836","9,724431774","1,690923225","0","22229,2536","0,33","2,35","15","0,1","9028,0759","0,000940475"
"Control","Pouteria anomala",,"Pará","Belém","Caxiuanã National Forest Reserve","-1.716667","-51.450000","2016","9","2016","10","dry",,,,"16,3","5","25,43676322","42,37730364","1,186799867","1,552630529","77,64616473","0,105263838","0,109580745","0,462882096","0","0,917707125","0","116489,0936","0,82","2,9","24","0,1","7650,084287","0,002543764"
"Control","Protium tenuifolium",,"Pará","Belém","Caxiuanã National Forest Reserve","-1.716667","-51.450000","2016","9","2016","10","dry",,,,"37,5","5","21,24929432","34,5684564","0,491082194","0,730999083","59,77692966","0,000773954","0,068340632","0,480662983","27,23316979","3,03923446","1,18923446","171230,6429","1,15","1,85","20","0,3","5606,316419","0,001696469"
"Control","Swartzia racemosa",,"Pará","Belém","Caxiuanã National Forest Reserve","-1.716667","-51.450000","2016","9","2016","10","dry",,,,"32,2","5","41,09290183","58,09600433","0,671711895","0,323423466","64,99006699","NA","0,213493661","0,69047619","NA","1,456649776","0,256649776","NA","0,29","1,2","22","0,4","NA","NA"
"Control","Licania octandra",,"Pará","Belém","Caxiuanã National Forest Reserve","-1.716667","-51.450000","2016","9","2016","10","dry",,,,"11,2","1","10,31394919","23,65962032","0,398434663","0,52680943","56,17596164","0,048721287","0,101715671","0,723529412","NA","3,089380154","1,739380154","NA","0,19","1,35","12","0,3","NA","0,000790764"
"Control","Pouteria decorticans",,"Pará","Belém","Caxiuanã National Forest Reserve","-1.716667","-51.450000","2016","9","2016","10","dry",,,,"24,2","3","17,48586655","33,14615972","0,442145679","0,622427363","72,5312988","0,025035849","0,106651712","0,805084746","0","1,602948304","0","154501,1266","0,54","2,05","12","0,2","12185,90682","0,001341714"
"Control","Aspidosperma NA",,"Pará","Belém","Caxiuanã National Forest Reserve","-1.716667","-51.450000","2016","9","2016","10","dry",,,,"14,3","2","21,36303022","30,00809725","0,32955126","1,834570959","77,45160337","0,039600856","0,099308385","NA","NA","1,519424991","0,519424991","NA","0,95","1","14","0,4","NA","0,00014726"
"Control","Eschweilera grandiflora",,"Pará","Belém","Caxiuanã National Forest Reserve","-1.716667","-51.450000","2016","9","2016","10","dry",,,,"16,7","4","35,0435671","75,93796956","1,128843299","0,639044873","79,87127567","0,142230226","0,263073023","0,598290598","7,285574068","3,710093331","2,260093331","503384,3927","0,39","1,45","19","0,4","7767,667175","0,002789434"
"Control","Aspidosperma nitidum",,"Pará","Belém","Caxiuanã National Forest Reserve","-1.716667","-51.450000","2016","9","2016","10","dry",,,,"33,9","5","30,22229938","70,13222007","NA","0,883833653","NA","0,007067213","0,152015136","0,753926702","35,74001929","1,848065696","0","269378,4039","0,9","2,005","NA","0,5","18147,03403","0,006094518"
"Control","Eschweilera grandiflora",,"Pará","Belém","Caxiuanã National Forest Reserve","-1.716667","-51.450000","2016","9","2016","10","dry",,,,"19,2","1","19,05653151","28,04251924","0,721460581","0,244866897","57,28413141","0,00555719","0,094110048","0,77443609","0","3,459113807","1,794113807","217807,6171","0,535","1,665","17","0,4","13136,92892","0,000841823"
"Control","Vouacapoua americana",,"Pará","Belém","Caxiuanã National Forest Reserve","-1.716667","-51.450000","2016","9","2016","10","dry",,,,"25,7","5","24,18990017","35,36185573","0,425195528","0,502326408","52,42994452","0,068888235","0,099235962","0,456349206","0,404825698","NA","NA","35066,13698","0,3","1,3","17","0,3","8274,031645","NA"
"Control","Licania octandra",,"Pará","Belém","Caxiuanã National Forest Reserve","-1.716667","-51.450000","2016","9","2016","10","dry",,,,"18,8","1","15,56009263","40,19638948","0,845132953","0,527124347","62,46053029","0,052404419","0,046729253","0,697969543","0","NA","NA","15145,23018","0,365","1,21","NA","0,2","10121,17837","0,000496154"
"Control","Eschweilera grandiflora",,"Pará","Belém","Caxiuanã National Forest Reserve","-1.716667","-51.450000","2016","9","2016","10","dry",,,,"18,5","3","17,25788547","38,84235821","1,78577814","0,605948942","67,62378311","0,052404419","0,039034229","0,619217082","4,904866629","NA","NA","213317,1448","0,23","2,3","19","0,3","14978,58608","0,002619604"
"Control","Vouacapoua americana",,"Pará","Belém","Caxiuanã National Forest Reserve","-1.716667","-51.450000","2016","9","2016","10","dry",,,,"12,1","3","20,75999209","43,60283332","2,045139064","0,357649774","41,26378349","0,069205104","0,110363292","0,752453179","10,43997827","NA","NA","20474,5982","0,44","2,755","22","0,4","6213,394242","0,000473782"
"Control","Pouteria decorticans",,"Pará","Belém","Caxiuanã National Forest Reserve","-1.716667","-51.450000","2016","9","2016","10","dry",,,,"11,5","3","25,61956222","46,96450755","0,932036781","0,293072942","97,7600889","0,048300456","0,202854255","0,830827068","31,86704126","NA","NA","209037,2113","0,365","2,04","10","0,2","4554,588465","0,000459761"
"Control","Pouteria decorticans",,"Pará","Belém","Caxiuanã National Forest Reserve","-1.716667","-51.450000","2016","9","2016","10","dry",,,,"17","4","20,26226373","44,27845664","0,470396584","NA","72,06826192","0,102390311","0,111411767","0,808943089","5,413717417","NA","NA","205601,9026","0,385","2,25","13","0,2","14438,59368","0,000421616"
"Control","Pouteria anomala",,"Pará","Belém","Caxiuanã National Forest Reserve","-1.716667","-51.450000","2016","9","2016","10","dry",,,,"17,4","3","14,08887941","29,47348206","0,665492954","0,50855433","66,9707812","0,016857157","0,048252618","0,728353141","10,88873813","3,074668241","0,044668241","86622,43452","0,995","3,03","20","0,3","12135,77866","0,000742041"
"Control","Minquartia guianensis",,"Pará","Belém","Caxiuanã National Forest Reserve","-1.716667","-51.450000","2016","9","2016","10","dry",,,,"14,6","3","27,74112711","61,90422415","0,911166374","0,515001845","79,48030537","0,028086476","0,097982816","0,73512476","24,11713386","NA","NA","77696,90452","0,885","1,895","17","0,3","5028,176112","0,000974361"
"Control","Swartzia racemosa",,"Pará","Belém","Caxiuanã National Forest Reserve","-1.716667","-51.450000","2016","9","2016","10","dry",,,,"21,7","4","36,16909446","67,32869539","0,455071062","0,94626392","77,11469403","0,095591072","0,194978974","0,670262664","3,236142669","1,359952042","0","609077,769","0,415","2,75","24","0,4","15087,77332","0,000540313"
"Control","Syzygiopsis oppositifolia",,"Pará","Belém","Caxiuanã National Forest Reserve","-1.716667","-51.450000","2016","9","2016","10","dry",,,,"50,7","5","26,78208121","53,05915146","NA","0,600326077","68,33571093","0,011671756","0,047526889","0,583011583","16,77141413","0,823287895","0","114033,6417","0,715","1,5","15","0,2","10088,03925","0,003233909"
"Control","Vouacapoua americana",,"Pará","Belém","Caxiuanã National Forest Reserve","-1.716667","-51.450000","2016","9","2016","10","dry",,,,"56","5","20,4337197","42,67407878","1,032968863","0,3268801","69,94467607","0,050163363","0,110215012","0,670289855","27,4923247","2,803135259","0,353135259","273998,0375","0,54","2,45","18","0,3","7916,764461","NA"
"Control","Aspidosperma NA",,"Pará","Belém","Caxiuanã National Forest Reserve","-1.716667","-51.450000","2016","9","2016","10","dry",,,,"88,8","5","NA","NA","NA","0,848368322","54,4470999","0,016888102","NA","0,674887892","32,57652691","2,388772456","0","398299,586","1,21","2,425","21","0,4","13129,6357","0,006018294"
"Control","Micropholis venulosa",,"Pará","Belém","Caxiuanã National Forest Reserve","-1.716667","-51.450000","2016","9","2016","10","dry",,,,"21","4","15,19044829","27,21995605","1,846856901","0,800086396","52,08572912","0,146802876","0,093922893","0,586262523","NA","NA","NA","NA","0,29","1,76","16","0,3","NA","0,001741547"
"Control","Vouacapoua americana",,"Pará","Belém","Caxiuanã National Forest Reserve","-1.716667","-51.450000","2016","9","2016","10","dry",,,,"34,3","5","23,86621959","46,63499039","0,626178748","0,597093905","49,03177817","0,052267674","0,110709014","NA","11,34843645","3,391687595","0,441687595","190261,7983","0,49","2,95","NA","0,2","3844,338557","NA"
"Control","Vouacapoua americana",,"Pará","Belém","Caxiuanã National Forest Reserve","-1.716667","-51.450000","2016","9","2016","10","dry",,,,"28,8","4","20,34678441","39,18466278","0,409069914","0,604172751","73,69294511","0,093862531","0,133500873","0,762608696","22,35510129","2,258353207","0","37012,41044","0,53","3,2","21","0,3","12703,03005","0,000233804"
"Control","Minquartia guianensis",,"Pará","Belém","Caxiuanã National Forest Reserve","-1.716667","-51.450000","2016","9","2016","10","dry",,,,"16,9","3","12,54519706","34,70689113","NA","0,856675446","59,65944558","0,011599069","0,088721353","NA","0","NA","NA","87934,49882","0,59","1,8","14","0,4","9526,360882","0,002171611"
"Control","Minquartia guianensis",,"Pará","Belém","Caxiuanã National Forest Reserve","-1.716667","-51.450000","2016","9","2016","10","dry",,,,"15,5","1","20,7704521","38,56085897","0,935623493","0,982144718","60,99371949","0,00821285","0,055583557","0,740740741","NA","NA","NA","NA","0,34","1,45","15","0,3","NA","0,000288691"
"Control","Pouteria decorticans",,"Pará","Belém","Caxiuanã National Forest Reserve","-1.716667","-51.450000","2016","9","2016","10","dry",,,,"20,5","4","9,677229688","28,44302747","1,666388373","0,739413313","79,43517823","0,016109624","0,044281341","0,8","31,5325224","4,246905847","2,146905847","231782,1948","0,375","2,1","10","0,2","8395,318897","0,00000905"
"Control","Protium tenuifolium",,"Pará","Belém","Caxiuanã National Forest Reserve","-1.716667","-51.450000","2016","9","2016","10","dry",,,,"11,2","1","15,39723386","26,24045444","0,454545824","0,372654754","65,42871994","0,017109439","0,05160921","0,673629243","19,15105371","NA","NA","328099,496","0,23","1,275","16","0,2","13967,73741","0,000131818"
"Control","Virola michelii",,"Pará","Belém","Caxiuanã National Forest Reserve","-1.716667","-51.450000","2016","9","2016","10","dry",,,,"47,6","5","18,69636037","39,79811863","NA","0,943394493","77,7919792","0,042163194","0,0333","0,492307692","NA","2,904368808","0,704368808","NA","0,3","2,2","17","0,2","NA","0,000426278"
"Control","Eschweilera coriacea",,"Pará","Belém","Caxiuanã National Forest Reserve","-1.716667","-51.450000","2016","9","2016","10","dry",,,,"38,9","4","21,45910621","43,35650304","1,444552719","0,530409989","67,23044047","0,026508884","0,106292132","0,628787879","9,426562796","1,415511133","0,075511133","183275,9474","0,51","1,34","18","0,3","21093,09135","0,000823387"
"Control","Micropholis venulosa",,"Pará","Belém","Caxiuanã National Forest Reserve","-1.716667","-51.450000","2016","9","2016","10","dry",,,,"26,1","4","39,26216801","65,54452782","1,190842551","0,492165761","71,89935547","0,008156002","0,134107956","0,59137577","21,87612946","NA","NA","232900,6025","0,73","1,913333333","14","0,2","8285,5005","0,001830029"
"Control","Pouteria anomala",,"Pará","Belém","Caxiuanã National Forest Reserve","-1.716667","-51.450000","2016","9","2016","10","dry",,,,"13,8","3","26,16454707","43,11016589","0,854450452","0,420912818","64,03279463","0,024166701","0,122170569","0,807692308","36,28365596","0,948870314","0","252517,8667","0,82","1,523333333","NA","0,4","3052,153615","0,000314958"
"Control","Swartzia racemosa",,"Pará","Belém","Caxiuanã National Forest Reserve","-1.716667","-51.450000","2016","9","2016","10","dry",,,,"47","4","22,42943888","37,92003209","3,165872715","0,601566451","66,77895006","0,029361571","0,079158988","0,716157205","14,843288","5,130003399","2,980003399","146428,2749","0,25","2,15","25","0,7","12546,25741","0,004562814"
"Control","Inga gracilifolia",,"Pará","Belém","Caxiuanã National Forest Reserve","-1.716667","-51.450000","2016","9","2016","10","dry",,,,"15","2","20,60394384","35,9036671","0,950435216","0,229686677","27,59900917","0,016779254","0,12909225","0,718045113","21,82800014","2,331563484","0,281563484","215628,1427","0,2","2,05","14","0,4","NA","0,000441079"
"Control","Swartzia racemosa",,"Pará","Belém","Caxiuanã National Forest Reserve","-1.716667","-51.450000","2016","9","2016","10","dry",,,,"67,9","5","27,05634917","53,27726997","1,179374235","0,747004458","75,42326067","0,030431506","0,095522441","0,705882353","9,86238296","4,743186261","3,063186261","177665,7362","0,305","1,68","16","0,4","8368,849576","NA"
"Control","Vouacapoua americana",,"Pará","Belém","Caxiuanã National Forest Reserve","-1.716667","-51.450000","2016","9","2016","10","dry",,,,"21,9","3","22,18208784","43,69428943","0,405317994","0,387487149","71,42963946","0,065058349","0,090043398","0,677053824","NA","3,56400619","1,66400619","NA","0,4","1,9","21","0,7","NA","0,00011986"
"Control","Vouacapoua americana",,"Pará","Belém","Caxiuanã National Forest Reserve","-1.716667","-51.450000","2016","9","2016","10","dry",,,,"24,2","5","17,58937211","24,49794456","0,958395553","0,366115485","40,95103819","0,026396006","0,048424158","0,659259259","NA","NA","NA","NA","0,6","1","20","0,5","NA","0,000426109"
"Control","Pouteria decorticans",,"Pará","Belém","Caxiuanã National Forest Reserve","-1.716667","-51.450000","2016","9","2016","10","dry",,,,"12","1","13,29584924","23,76041819","0,200270675","0,296876657","57,23239908","0,09436905","0,066607953","0,842105263","24,90565882","NA","NA","42585,51765","0,55","1,55","NA","NA","2880,092155","NA"
"Control","Licania membranacea",,"Pará","Belém","Caxiuanã National Forest Reserve","-1.716667","-51.450000","2016","9","2016","10","dry",,,,"23,4","2","22,83380584","37,39048918","1,230495966","0,651131351","57,78559122","0,032104167","0,096165507","0,782608696","29,8200234","NA","NA","60952,29563","0,4","1,15","NA","NA","11340,06932","0,001192946"
"Control","Swartzia racemosa",,"Pará","Belém","Caxiuanã National Forest Reserve","-1.716667","-51.450000","2016","9","2016","10","dry",,,,"26,8","4","30,312884","72,99648374","0,631306292","1,140863442","85,28834557","0,014848821","0,081985675","0,707792208","33,7638618","3,923263255","1,923263255","274290,5302","0,28","2","23","0,5","6112,006015","0,000549901"
"Control","Micropholis venulosa",,"Pará","Belém","Caxiuanã National Forest Reserve","-1.716667","-51.450000","2016","9","2016","10","dry",,,,"35,2","5","23,79439204","48,8375987","0,478169609","0,693307135","71,28667527","0,026348423","0,073785853","0,592178771","11,33377932","0,784169921","0","203570,7331","0,55","3,75","NA","0,5","26512,87652","0,001440196"
"Control","Aspidosperma araracanga",,"Pará","Belém","Caxiuanã National Forest Reserve","-1.716667","-51.450000","2016","9","2016","10","dry",,,,"23,5","4","34,42457433","59,7535856","0,892011304","0,702032976","NA","0,019384292","0,091492969","0,491803279","3,707858014","NA","NA","44411,02938","1,15","3","NA","NA","11359,2704","0,002632866"
"Control","Pouteria anomala",,"Pará","Belém","Caxiuanã National Forest Reserve","-1.716667","-51.450000","2016","9","2016","10","dry",,,,"59","5","28,43214815","72,47102929","0,689319399","0,974109081","67,02290061","0,033034507","0,247324774","0,642011834","2,034328849","2,129490246","0,179490246","210113,5122","0,53","1,95","NA","NA","4099,71085","NA"
"Control","Syzygiopsis oppositifolia",,"Pará","Belém","Caxiuanã National Forest Reserve","-1.716667","-51.450000","2016","9","2016","10","dry",,,,"13,8","2","25,81794542","44,70853311","0,350264855","0,63122121","59,21595667","0,122258269","0,283329543","0,512096774","11,70210134","2,106368589","0,206368589","209495,4218","0,76","1,9","NA","NA","8375,050155","NA"
"Control","Swartzia racemosa",,"Pará","Belém","Caxiuanã National Forest Reserve","-1.716667","-51.450000","2016","9","2016","10","dry",,,,"29,7","4","49,07269038","68,2690382","1,067560883","0,505577582","72,3899288","0,025993381","0,25835939","0,631578947","19,2083768","NA","NA","193703,5337","0,305","2,68","25","0,6","12115,42387","0,000683602"
"Control","Syzygiopsis oppositifolia",,"Pará","Belém","Caxiuanã National Forest Reserve","-1.716667","-51.450000","2016","9","2016","10","dry",,,,"51,5","5","23,95989675","53,58843348","2,392789807","0,765298014","84,5244114","0,011436093","0,054988442","0,555282555","12,76204203","2,573770577","0,848770577","216574,8006","0,655","1,725","13","0,4","5400,211282","0,005480274"
"Control","Protium tenuifolium",,"Pará","Belém","Caxiuanã National Forest Reserve","-1.716667","-51.450000","2016","9","2016","10","dry",,,,"27,5","4","25,79085212","38,54356805","0,992732031","0,506883086","59,99323811","0,022420166","0,095581083","0,542253521","16,48053507","1,600900803","0,050900803","68466,64523","0,515","1,55","14","0,5","6835,705688","0,001077525"
"Control","Pouteria venosa",,"Pará","Belém","Caxiuanã National Forest Reserve","-1.716667","-51.450000","2016","9","2016","10","dry",,,,"15,5","3","20,67661302","44,38213412","0,995393663","1,012980024","76,17776943","0,056692459","0,165439615","NA","7,464332441","2,148971369","0,123971369","73633,87055","0,645","2,025","NA","NA","NA","0,001764326"
"Control","Eschweilera coriacea",,"Pará","Belém","Caxiuanã National Forest Reserve","-1.716667","-51.450000","2016","9","2016","10","dry",,,,"23,9","4","37,07404448","81,31247379","0,634519185","0,952853152","75,15678017","0,050884214","0,27568571","0,620481928","8,838020182","2,173555039","0,278555039","183631,6359","0,48","1,895","18","0,5","7978,068867","0,000947531"
"Control","Micropholis venulosa",,"Pará","Belém","Caxiuanã National Forest Reserve","-1.716667","-51.450000","2016","9","2016","10","dry",,,,"62,8","5","13,35248615","32,51504189","0,853615468","0,813137639","58,48908076","0,062797153","0,034797606","0,53470437","10,39235233","NA","NA","168617,8944","0,56","1,7","18","0,5","NA","0,000968597"
"Control","Syzygiopsis oppositifolia",,"Pará","Belém","Caxiuanã National Forest Reserve","-1.716667","-51.450000","2016","9","2016","10","dry",,,,"19,2","2","27,58532132","42,86352182","1,228023407","0,458629911","61,75553792","0,054008326","0,096834148","0,607669617","11,04500687","1,256110601","0","144413,7612","0,545","1,72","13","0,4","NA","0,002062067"
"Control","Minquartia guianensis",,"Pará","Belém","Caxiuanã National Forest Reserve","-1.716667","-51.450000","2016","9","2016","10","dry",,,,"12,3","1","32,07388316","60,91994681","NA","0,481273562","70,8247714","0,064352451","0,186967981","0,76433121","0","2,090429341","0,680429341","130228,2566","0,47","1,41","16","0,5","6102,356258","0,000568928"
"Control","Pouteria anomala",,"Pará","Belém","Caxiuanã National Forest Reserve","-1.716667","-51.450000","2016","9","2016","10","dry",,,,"37","4","17,09696684","35,73463436","0,312532419","0,288113625","51,45555123","0,037045036","0,108085072","0,662650602","12,63577528","NA","NA","152213,7108","0,73","2,75","22","0,3","7134,829552","0,002194171"
"Control","Vouacapoua americana",,"Pará","Belém","Caxiuanã National Forest Reserve","-1.716667","-51.450000","2016","9","2016","10","dry",,,,"14,3","1","16,68827879","22,10258424","0,359121342","2,118107781","39,63295882","0,060164163","0,065577851","0,691489362","5,055495542","NA","NA","20369,70723","0,27","1,5","22","0,6","7328,301808","0,000409502"
"Control","Pouteria decorticans",,"Pará","Belém","Caxiuanã National Forest Reserve","-1.716667","-51.450000","2016","9","2016","10","dry",,,,"13,5","1","22,16046579","38,33277034","NA","0,293585974","73,21864177","0,07130237","0,090030939","0,832214765","22,33582112","NA","NA","184612,4413","0,79","2,2","14","0,3","7544,455563","NA"
"Control","Minquartia guianensis",,"Pará","Belém","Caxiuanã National Forest Reserve","-1.716667","-51.450000","2016","9","2016","10","dry",,,,"19,9","3","NA","NA","NA","0,872653584","NA","NA","NA","NA","NA","NA","NA","NA","NA","NA","NA","NA","NA","NA"
"Control","Protium paniculatum",,"Pará","Belém","Caxiuanã National Forest Reserve","-1.716667","-51.450000","2016","9","2016","10","dry",,,,"13,5","2","16,17708078","33,24719484","0,242125904","0,469370743","56,40039717","0,007767307","0,051405732","NA","0","NA","NA","195253,5786","0,85","1,605","17","0,4","8530,58734","NA"
"Control","Minquartia guianensis",,"Pará","Belém","Caxiuanã National Forest Reserve","-1.716667","-51.450000","2016","9","2016","10","dry",,,,"40","4","25,95012489","53,86586351","0,944727015","1,056862302","61,36126971","0,008219927","0,125778481","0,685185185","13,45971561","1,794661321","0,294661321","189889,9507","0,585","1,5","17","0,5","NA","0,001238394"
"Control","Swartzia racemosa",,"Pará","Belém","Caxiuanã National Forest Reserve","-1.716667","-51.450000","2016","9","2016","10","dry",,,,"58,8","5","24,18122579","40,91798172","1,272758555","0,773221344","70,00542517","0,00953591","0,04052282","0,613636364","44,99212069","2,003789107","0,153789107","316622,0939","0,345","1,85","26","0,6","NA","0,004230714"
"Control","Syzygiopsis oppositifolia",,"Pará","Belém","Caxiuanã National Forest Reserve","-1.716667","-51.450000","2016","9","2016","10","dry",,,,"29,4","5","28,9232047","61,30825089","NA","0,397522703","67,99715645","0,020956638","0,035178622","0,508474576","24,81203008","0,776509697","0","125982,0541","0,72","2,05","13","0,4","NA","0,002254479"
"Control","Syzygiopsis oppositifolia",,"Pará","Belém","Caxiuanã National Forest Reserve","-1.716667","-51.450000","2016","9","2016","10","dry",,,,"34,9","5","31,28607214","51,22048783","NA","0,545287763","65,85039901","0,03920312","0,085508542","0,550847458","15,21005835","0,927385871","0","107823,8735","0,795","1,85","15","0,4","7949,346173","0,00183083"
"Control","Minquartia guianensis",,"Pará","Belém","Caxiuanã National Forest Reserve","-1.716667","-51.450000","2016","9","2016","10","dry",,,,"24,6","3","23,46582197","49,93908113","NA","0,330676362","60,99521642","0,023048413","0,059615295","0,784530387","0","0,965969466","0","130778,2329","0,5","1,49","19","0,5","11692,38477","0,002246554"
"Control","Virola michelii",,"Pará","Belém","Caxiuanã National Forest Reserve","-1.716667","-51.450000","2016","9","2016","10","dry",,,,"27,1","4","26,34442773","54,25157668","0,701681537","0,64832269","53,02197244","0,011763244","0,153860831","NA","0","0,946517852","0","174059,3719","1","2,5","16","0,5","5677,321102","0,003823335"
"Control","Micropholis venulosa",,"Pará","Belém","Caxiuanã National Forest Reserve","-1.716667","-51.450000","2016","9","2016","10","dry",,,,"18,4","4","25,66616091","42,79352671","0,464786387","0,356063194","45,75319042","0,028637566","0,207318737","0,630630631","4,726791766","NA","NA","202645,6868","0,395","1,9","NA","0,3","9125,26457","0,001139379"
"Control","Licania octandra",,"Pará","Belém","Caxiuanã National Forest Reserve","-1.716667","-51.450000","2016","9","2016","10","dry",,,,"10,3","1","7,520993794","24,02115941","0,290730683","0,348394159","40,04018215","0,069411869","0,033606361","NA","13,20134747","1,977183917","0,277183917","19754,30047","0,44","1,7","NA","0,5","NA","0,000334091"
"Control","Protium tenuifolium",,"Pará","Belém","Caxiuanã National Forest Reserve","-1.716667","-51.450000","2016","9","2016","10","dry",,,,"19,2","3","31,01841381","46,1372391","0,510406598","0,421565939","51,32451824","0,037240631","0,152792367","0,372093023","NA","2,234225062","0,134225062","NA","0,68","2,1","16","0,6","NA","0,000155036"
"Control","Swartzia racemosa",,"Pará","Belém","Caxiuanã National Forest Reserve","-1.716667","-51.450000","2016","9","2016","10","dry",,,,"39,5","4","46,65061024","73,32688161","1,27528158","0,912659333","69,7212685","0,032339076","0,061536233","0,649350649","NA","2,970258926","0,620258926","NA","0,185","2,35","27","0,7","NA","0,003068901"
"Control","Inga NA",,"Pará","Belém","Caxiuanã National Forest Reserve","-1.716667","-51.450000","2016","9","2016","10","dry",,,,"18,5","3","18,72507144","61,12011238","0,690238974","0,406648369","42,90880841","0,012167527","0,086034874","0,762114537","0,19885497","NA","NA","340028,6373","0,53","2,2","26","0,8","NA","0,003671597"
"Control","Minquartia guianensis",,"Pará","Belém","Caxiuanã National Forest Reserve","-1.716667","-51.450000","2016","9","2016","10","dry",,,,"30,2","3","23,91288357","48,8801006","1,657960041","0,370599953","56,41432424","0,009482623","0,052995428","0,575645756","0","NA","NA","211411,7229","0,335","1,7","19","0,6","19032,23961","0,000963744"
"Control","Inga NA",,"Pará","Belém","Caxiuanã National Forest Reserve","-1.716667","-51.450000","2016","9","2016","10","dry",,,,"19","1","20,2501601","44,40568893","0,647671552","0,509828811","41,12654104","0,013319168","0,109860345","0,676855895","0","NA","NA","443035,5415","0,285","1,55","25","0,7","19497,09392","NA"
"Control","Inga gracilifolia",,"Pará","Belém","Caxiuanã National Forest Reserve","-1.716667","-51.450000","2016","9","2016","10","dry",,,,"18,1","1","35,25494335","54,06542234","0,922449113","0,292878597","42,26929502","0,033916539","NA","0,822429907","26,88250767","1,710612741","0","251072,1274","0,33","1,85","NA","0,3","15712,90178","0,002755675"
"Control","Inga capitata",,"Pará","Belém","Caxiuanã National Forest Reserve","-1.716667","-51.450000","2016","9","2016","10","dry",,,,"29,2","2","21,00140766","42,59399208","1,345621431","0,308135054","79,9508073","0,020453258","0,068308022","NA","9,930946411","NA","NA","430894,1928","0,605","1,8","24","0,3","5268,397728","0,002566903"
"Control","Eschweilera NA",,"Pará","Belém","Caxiuanã National Forest Reserve","-1.716667","-51.450000","2016","9","2016","10","dry",,,,"41,5","5","33,90156103","66,44054809","1,185384436","0,26657948","63,53191483","0,02528568","0,101634781","0,701219512","0","1,019850003","0","59997,17183","0,43","1,15","21","0,4","6547,009904","0,000549423"
"Control","Inga rubiginosa",,"Pará","Belém","Caxiuanã National Forest Reserve","-1.716667","-51.450000","2016","9","2016","10","dry",,,,"26,3","3","23,64765885","38,70252116","2,825216367","0,338235283","75,85838323","0,040274943","0,16823818","0,639215686","3,249563729","NA","NA","492843,8903","0,21","2,39","24","0,4","12089,58906","0,005247405"
"Control","Minquartia guianensis",,"Pará","Belém","Caxiuanã National Forest Reserve","-1.716667","-51.450000","2016","9","2016","10","dry",,,,"16,7","1","15,9764075","29,07327507","NA","0,354421565","53,58242243","0,019264915","0,059903146","0,682481433","NA","NA","NA","NA","0,525","1,21","14","0,5","NA","0,002645846"
"Control","Licania membranacea",,"Pará","Belém","Caxiuanã National Forest Reserve","-1.716667","-51.450000","2016","9","2016","10","dry",,,,"27,7","4","27,76199839","72,35411528","1,90929051","0,742476171","107,210637","0,045161831","0,074411007","0,709473684","35,12455938","1,603140409","0,753140409","63198,17585","0,27","0,85","NA","NA","16549,16431","0,00419574"
"Control","Micropholis venulosa",,"Pará","Belém","Caxiuanã National Forest Reserve","-1.716667","-51.450000","2016","9","2016","10","dry",,,,"29,2","5","26,65327009","63,00090217","1,01654678","0,611675363","43,12939228","0,0481988","0,149","0,664","5,105821099","1,669714729","0","195905,1775","0,6","3,233333333","NA","0,2","9721,667271","0,002930869"
"Control","Licania membranacea",,"Pará","Belém","Caxiuanã National Forest Reserve","-1.716667","-51.450000","2016","9","2016","10","dry",,,,"20,6","1","19,25902937","43,64978711","0,887662737","0,252014742","58,12184858","0,057168862","0,166831648","0,748648649","0","NA","NA","78725,79861","0,135","1,43","15","0,3","17089,81668","0,000802282"
"Control","Eschweilera NA",,"Pará","Belém","Caxiuanã National Forest Reserve","-1.716667","-51.450000","2016","9","2016","10","dry",,,,"32,5","1","18,25112812","38,56017949","1,052468023","0,91137165","64,84108771","0,032206984","0,042559418","0,551724138","82,3248058","2,058808505","0,193808505","246833,628","0,35","1,865","19","0,5","5699,567121","0,001266096"
"Control","Minquartia guianensis",,"Pará","Belém","Caxiuanã National Forest Reserve","-1.716667","-51.450000","2016","9","2016","10","dry",,,,"41,8","1","10,54442275","25,64486114","0,81702177","0,723280188","NA","0,006788288","0,089630274","0,741721854","0","3,12008553","1,67008553","150716,7145","0,47","1,45","16","0,6","11667,09282","0,000473198"
"Control","Protium pilosimum",,"Pará","Belém","Caxiuanã National Forest Reserve","-1.716667","-51.450000","2016","9","2016","10","dry",,,,"14,2","1","19,92108679","42,44071554","0,432425384","0,343120556","45,32015071","0,017966188","0,0618","NA","4,065427995","NA","NA","193240,777","0,465","0,85","NA","0,5","14488,63301","0,001179604"
"Control","Licania octandra",,"Pará","Belém","Caxiuanã National Forest Reserve","-1.716667","-51.450000","2016","9","2016","10","dry",,,,"21,7","2","15,94569792","27,46232319","0,497778875","0,691470249","44,6013414","0,033086008","0,045773459","0,72","NA","1,490419914","0,390419914","NA","0,255","1,1","NA","0,4","NA","0,000391596"
"Drought","Vouacapoua americana",,"Pará","Belém","Caxiuanã National Forest Reserve","-1.716667","-51.450000","2016","9","2016","10","dry",,,,"35,5","4","29,03795293","40,72518358","0,735326001","0,422645634","55,73902774","0,01593033","0,098847246","0,767241379","17,59578042","3,791631769","2,491631769","68802,43082","0,45","1,3","22","0,6","8716,180554","NA"
"Drought","Guatteria poeppigiana",,"Pará","Belém","Caxiuanã National Forest Reserve","-1.716667","-51.450000","2016","9","2016","10","dry",,,,"15","3","33,60872447","54,41509326","0,671343451","0,493258551","41,73818039","0,005238738","0,104389573","0,543956044","77,65730381","1,616803491","0,281803491","134824,4309","0,69","1,335","NA","0,4","14326,49104","0,001441468"
"Drought","Vouacapoua americana",,"Pará","Belém","Caxiuanã National Forest Reserve","-1.716667","-51.450000","2016","9","2016","10","dry",,,,"16,3","3","32,82404789","59,17909368","1,490202608","0,426291909","47,18168448","0,018945464","0,114861761","0,617857143","14,57673335","NA","NA","102493,4172","0,75","2,79","25","0,7","11623,88993","0,000848993"
"Drought","Guatteria poeppigiana",,"Pará","Belém","Caxiuanã National Forest Reserve","-1.716667","-51.450000","2016","9","2016","10","dry",,,,"27","2","32,65313424","67,63693347","2,699396037","0,366716708","51,40460741","0,039290438","0,111364619","NA","NA","2,121387784","0,956387784","NA","0,69","1,165","17","0,5","NA","0,002276752"
"Drought","Aspidosperma araracanga",,"Pará","Belém","Caxiuanã National Forest Reserve","-1.716667","-51.450000","2016","9","2016","10","dry",,,,"32","3","26,81795691","63,7412549","1,765075188","0,61851577","54,31263748","0,013345527","0,052230609","0,411347518","16,28118879","NA","NA","128202,4265","0,39","1,1","NA","0,5","7133,159295","0,000625947"
"Drought","Minquartia guianensis",,"Pará","Belém","Caxiuanã National Forest Reserve","-1.716667","-51.450000","2016","9","2016","10","dry",,,,"12,9","2","23,94691821","58,17340216","0,650261202","0,193626535","62,97930013","0,015714836","0,063491813","0,574324324","0","NA","NA","148423,6255","0,97","1,88","16","0,4","12445,00654","0,001032597"
"Drought","Guatteria poeppigiana",,"Pará","Belém","Caxiuanã National Forest Reserve","-1.716667","-51.450000","2016","9","2016","10","dry",,,,"22,7","4","20,01115902","40,82822701","2,038915218","0,986913415","74,3948882","0,050011495","0,133741658","0,447916667","NA","NA","NA","NA","0,31","1,62","18","0,4","NA","0,002532802"
"Drought","Minquartia guianensis",,"Pará","Belém","Caxiuanã National Forest Reserve","-1.716667","-51.450000","2016","9","2016","10","dry",,,,"28,6","5","22,86368477","59,91163742","1,800845851","0,303225661","71,73087233","0,020918571","0,083865588","0,750677507","0","NA","NA","166582,4324","0,51","1,535","14","0,3","NA","0,002401508"
"Drought","Virola michelii",,"Pará","Belém","Caxiuanã National Forest Reserve","-1.716667","-51.450000","2016","9","2016","10","dry",,,,"34,9","5","36,01747949","69,625051","1,806553409","0,814533778","38,84854619","0,009640863","0,06788353","0,442073171","NA","2,381080392","0,381080392","NA","0,7","2","NA","NA","NA","0,01003584"
"Drought","Protium tenuifolium",,"Pará","Belém","Caxiuanã National Forest Reserve","-1.716667","-51.450000","2016","9","2016","10","dry",,,,"33,7","5","23,62274125","43,6473847","0,62370749","0,47973995","50,12386348","0,018297781","0,061352002","0,609090909","48,0617041","3,326560033","2,376560033","270662,7343","0,54","0,95","NA","0,4","8656,11622","NA"
"Drought","Syzygiopsis oppositifolia",,"Pará","Belém","Caxiuanã National Forest Reserve","-1.716667","-51.450000","2016","9","2016","10","dry",,,,"59,4","5","NA","NA","0,833468553","0,493252066","57,61033387","0,015435942","NA","0,564766839","0","2,024836305","0","183506,2784","1,47","2,235","9","0,3","6519,247979","NA"
"Drought","Protium tenuifolium",,"Pará","Belém","Caxiuanã National Forest Reserve","-1.716667","-51.450000","2016","9","2016","10","dry",,,,"26,5","4","26,19612729","36,91247606","1,27180506","0,35370839","50,42063255","0,006273363","0,15565383","0,422222222","29,96494626","1,682796398","0,432796398","208975,1049","0,445","1,25","14","0,6","8900,732276","0,001107239"
"Drought","Aspidosperma araracanga",,"Pará","Belém","Caxiuanã National Forest Reserve","-1.716667","-51.450000","2016","9","2016","10","dry",,,,"32","5","12,48306367","29,03022223","NA","0,636336853","141,2091196","0,025220929","0,08744562","0,703125","29,31708953","3,094740564","0,494740564","58148,22325","1,1","2,6","13","0,3","7094,06795","0,004825197"
"Drought","Micropholis venulosa",,"Pará","Belém","Caxiuanã National Forest Reserve","-1.716667","-51.450000","2016","9","2016","10","dry",,,,"15","3","7,703804808","23,29552883","0,57519104","0,549195734","63,26305782","0,028271539","0,034844388","0,67114094","16,28078301","NA","NA","189161,162","1,62","2,415","NA","0,3","11368,80697","0,001325682"
"Drought","Vouacapoua americana",,"Pará","Belém","Caxiuanã National Forest Reserve","-1.716667","-51.450000","2016","9","2016","10","dry",,,,"57,1","5","28,16136157","52,41251053","0,823641289","0,54242915","NA","0,003622685","0,135282254","NA","35,00874677","0,995210331","0","189633,3096","0,495","3","19","0,7","9930,392271","0,002511392"
"Drought","Tetragastris panamensis",,"Pará","Belém","Caxiuanã National Forest Reserve","-1.716667","-51.450000","2016","9","2016","10","dry",,,,"17,5","3","NA","NA","NA","0,742477056","74,97131117","0,025870694","NA","0,580645161","7,100583211","3,871183704","2,071183704","44203,21104","0,31","1,8","12","0,4","5931,915156","0,000871012"
"Drought","Virola michelii",,"Pará","Belém","Caxiuanã National Forest Reserve","-1.716667","-51.450000","2016","9","2016","10","dry",,,,"28","5","35,43406189","65,16236223","1,623223199","0,649909541","64,57729515","0,018969791","0,077243949","0,505338078","NA","1,014819324","0","NA","0,65","2,15","17","0,4","NA","0,00298867"
"Drought","Inga alba",,"Pará","Belém","Caxiuanã National Forest Reserve","-1.716667","-51.450000","2016","9","2016","10","dry",,,,"48,9","5","31,1300162","73,6882874","2,72775164","0,561545075","NA","0,011186478","0,059418481","0,625925926","0","3,280203361","1,480203361","531863,0059","0,45","1,8","33","0,8","8512,459721","0,00464462"
"Drought","Licania octandra",,"Pará","Belém","Caxiuanã National Forest Reserve","-1.716667","-51.450000","2016","9","2016","10","dry",,,,"14,7","5","16,36920357","29,07129293","0,958118204","0,458255341","NA","0,030192754","0,068118223","0,676767677","23,90590283","3,898648498","3,131981832","10716,8666","0,41","0,766666667","NA","0,5","6634,610471","0,000519481"
"Drought","Vouacapoua americana",,"Pará","Belém","Caxiuanã National Forest Reserve","-1.716667","-51.450000","2016","9","2016","10","dry",,,,"45,1","5","16,36298839","36,64104846","1,02731341","1,563915711","91,18033697","0,008495187","0,035013316","0,527972028","12,47502026","0,925393399","0","183778,9706","2,285","3,7","13","0,2","2833,282693","0,000710676"
"Drought","Minquartia guianensis",,"Pará","Belém","Caxiuanã National Forest Reserve","-1.716667","-51.450000","2016","9","2016","10","dry",,,,"31,9","4","22,90650209","57,41797009","1,485671048","0,640739788","70,53631109","0,016902983","0,040351948","1,04587156","9,654914226","NA","NA","111148,0757","0,56","1,35","34","0,7","6442,838266","0,001611463"
"Drought","Pouteria anomala",,"Pará","Belém","Caxiuanã National Forest Reserve","-1.716667","-51.450000","2016","9","2016","10","dry",,,,"25,9","5","NA","NA","0,762651883","NA","76,46594943","NA","NA","0,627530364","NA","0,869981461","0","NA","0,785","2,3","24","0,3","NA","0,002307104"
"Drought","Pouteria decorticans",,"Pará","Belém","Caxiuanã National Forest Reserve","-1.716667","-51.450000","2016","9","2016","10","dry",,,,"12,5","2","9,777265253","17,49913184","0,384384551","0,414754916","56,99756754","0,041298134","0,061958366","0,796791444","47,9872447","NA","NA","110565,9191","0,605","2,733333333","13","0,2","7862,415913","0,000256352"
"Drought","Swartzia racemosa",,"Pará","Belém","Caxiuanã National Forest Reserve","-1.716667","-51.450000","2016","9","2016","10","dry",,,,"10,3","1","30,16424517","45,37968504","0,185357382","0,429371509","66,68502445","0,006437987","0,12050683","0,713235294","32,96021828","NA","NA","160042,7756","0,42","2,4","25","0,4","12570,25401","NA"
"Drought","Swartzia brachyrachis",,"Pará","Belém","Caxiuanã National Forest Reserve","-1.716667","-51.450000","2016","9","2016","10","dry",,,,"14,2","3","18,97005764","24,33471242","0,374778287","0,320738633","38,82717609","0,013280752","0,051781506","0,585987261","24,63033548","NA","NA","93647,05302","0,485","2,175","19","0,3","17598,3477","0,001176609"
"Drought","Protium pilosimum",,"Pará","Belém","Caxiuanã National Forest Reserve","-1.716667","-51.450000","2016","9","2016","10","dry",,,,"18,9","4","16,98561938","38,48247073","0,424815993","0,536153773","52,14535765","0,007857466","0,04684253","0,701149425","54,28539151","NA","NA","185253,6282","0,715","1,55","11","0,2","8113,474635","0,002124263"
"Drought","Aspidosperma desmanthum",,"Pará","Belém","Caxiuanã National Forest Reserve","-1.716667","-51.450000","2016","9","2016","10","dry",,,,"19,9","5","29,23733359","63,75318325","1,17462315","0,86418576","NA","0,012624634","0,178168629","0,631578947","NA","NA","NA","NA","0,27","2,55","12","0,2","NA","0,005260973"
"Drought","Aspidosperma araracanga",,"Pará","Belém","Caxiuanã National Forest Reserve","-1.716667","-51.450000","2016","9","2016","10","dry",,,,"17,8","2","26,62918681","45,70571189","0,809422475","0,453266854","NA","0,038335329","0,134155107","0,628930818","18,33978019","NA","NA","11141,34148","0,725","1,41","11","0,2","6253,227289","0,001643721"
"Drought","Tetragastris panamensis",,"Pará","Belém","Caxiuanã National Forest Reserve","-1.716667","-51.450000","2016","9","2016","10","dry",,,,"14,4","4","NA","NA","0,732878825","0,588023598","70,96297067","-0,000858054","NA","0,586021505","NA","3,670530297","1,470530297","NA","1","2,2","12","0,5","NA","0,001556067"
"Drought","Protium tenuifolium",,"Pará","Belém","Caxiuanã National Forest Reserve","-1.716667","-51.450000","2016","9","2016","10","dry",,,,"15,9","3","20,18422645","42,34294374","0,321074738","0,956569103","62,84141283","0,012289302","0,080797417","0,506666667","54,524565","NA","NA","344477,6986","0,81","1,245","15","0,6","13325,68119","0,002299223"
"Drought","Protium tenuifolium",,"Pará","Belém","Caxiuanã National Forest Reserve","-1.716667","-51.450000","2016","9","2016","10","dry",,,,"18","5","21,84414133","32,7671202","0,477624322","0,623742304","67,01658862","0,013492574","0,076935171","0,503937008","24,44430948","3,544435781","1,794435781","285018,6249","0,715","1,75","12","0,5","5177,04904","0,0000207"
"Drought","Eschweilera decolorans",,"Pará","Belém","Caxiuanã National Forest Reserve","-1.716667","-51.450000","2016","9","2016","10","dry",,,,"30,5","5","22,48718828","53,02481938","0,308490485","0,900862959","80,69476893","0,016083797","0,137988616","0,721238938","12,17694293","2,292885773","0,357885773","108984,7783","0,695","1,935","20","0,4","3047,337052","0,000292383"
"Drought","Swartzia racemosa",,"Pará","Belém","Caxiuanã National Forest Reserve","-1.716667","-51.450000","2016","9","2016","10","dry",,,,"42,5","5","28,62593853","46,75373297","1,792683781","0,752400082","63,14975905","0,035337583","0,135967735","0,70263789","26,96430547","NA","NA","189611,9218","0,19","1,5","23","0,4","6078,365789","0,006019933"
"Drought","Tetragastris nitidum",,"Pará","Belém","Caxiuanã National Forest Reserve","-1.716667","-51.450000","2016","9","2016","10","dry",,,,"25,9","3","NA","NA","1,11765204","0,931754908","68,51563886","0,021104499","NA","NA","11,01455639","1,655488667","0","406766,1225","1,25","2,35","NA","NA","12687,65991","0,005973538"
"Drought","Tetragastris nitidum",,"Pará","Belém","Caxiuanã National Forest Reserve","-1.716667","-51.450000","2016","9","2016","10","dry",,,,"25,9","3","NA","NA","NA","1,046819647","116,6623795","-0,003870623","NA","0,579365079","NA","NA","NA","NA","0,3","0,9","12,5","0,4","NA","0,002326379"
"Drought","Pouteria venosa",,"Pará","Belém","Caxiuanã National Forest Reserve","-1.716667","-51.450000","2016","9","2016","10","dry",,,,"17,7","5","NA","NA","1,350549721","NA","NA","NA","NA","0,621908127","15,79764782","1,095342127","0","190822,9546","0,595","2,15","NA","NA","4344,336006","0,001945948"
"Drought","Protium tenuifolium",,"Pará","Belém","Caxiuanã National Forest Reserve","-1.716667","-51.450000","2016","9","2016","10","dry",,,,"36,4","5","NA","NA","1,426204322","NA","NA","NA","NA","0,393939394","24,82491806","3,099359386","0,699359386","127002,2629","0,6","2,4","13","0,3","5438,523652","0,000612963"
"Drought","Inga gracilifolia",,"Pará","Belém","Caxiuanã National Forest Reserve","-1.716667","-51.450000","2016","9","2016","10","dry",,,,"17,9","2","35,2218849","55,71105405","0,879062437","0,632017774","42,04624544","0,008808125","0,124018627","0,729885057","0","NA","NA","339061,863","0,435","2,15","27","0,8","16234,89613","0,000797462"
"Drought","Licania octandra",,"Pará","Belém","Caxiuanã National Forest Reserve","-1.716667","-51.450000","2016","9","2016","10","dry",,,,"21,5","4","14,74554559","32,05914122","0,447965042","0,545700504","NA","0,027425645","0,087592018","0,635135135","NA","3,020234988","1,770234988","NA","0,33","1,25","NA","0,6","NA","0,000330366"
"Drought","Tetragastris panamensis",,"Pará","Belém","Caxiuanã National Forest Reserve","-1.716667","-51.450000","2016","9","2016","10","dry",,,,"23,8","3","15,11769278","8,649768118","0,420175247","0,518181407","97,4627686","0,042027357","0,046553258","0,642553191","54,93445325","NA","NA","107178,4234","0,57","1,585","15","0,5","10772,97263","0,000533932"
"Drought","Inga alba",,"Pará","Belém","Caxiuanã National Forest Reserve","-1.716667","-51.450000","2016","9","2016","10","dry",,,,"56,5","5","23,04336761","48,60076174","1,581417859","0,901093571","43,49152255","0,024398211","0,191742206","0,585987261","22,23727238","3,418952185","1,668952185","NA","0,345","1,75","16","0,4","23918,92595","NA"
"Drought","Guatteria poeppigiana",,"Pará","Belém","Caxiuanã National Forest Reserve","-1.716667","-51.450000","2016","9","2016","10","dry",,,,"17,1","3","39,65519725","60,02918519","0,634319483","0,538431304","40,10861495","0,031539745","0,360735607","0,378947368","NA","3,944385309","2,294385309","NA","0,69","1,65","17","0,4","NA","0,002856496"
"Drought","Eschweilera decolorans",,"Pará","Belém","Caxiuanã National Forest Reserve","-1.716667","-51.450000","2016","9","2016","10","dry",,,,"20,2","5","18,70744999","39,93066058","NA","1,049486534","73,03044923","0,009750638","0,033314579","0,655172414","NA","1,056470712","0","NA","0,69","1,7","13","0,3","NA","NA"
"Drought","Protium tenuifolium",,"Pará","Belém","Caxiuanã National Forest Reserve","-1.716667","-51.450000","2016","9","2016","10","dry",,,,"29,8","4","19,2492931","27,26539727","0,599883913","0,653259998","59,78210329","0,015537468","0,103628477","0,592753079","76,23634591","2,983400438","1,283400438","107690,5809","0,34","1,7","12","0,3","2851,723537","0,000619365"
"Drought","Inga gracilifolia",,"Pará","Belém","Caxiuanã National Forest Reserve","-1.716667","-51.450000","2016","9","2016","10","dry",,,,"25","3","17,82541611","48,62089957","1,681773103","0,311599641","76,45083293","0,03628237","0,047997106","0,820895522","25,2687521","0,60527555","0","287022,846","0,255","1,9","NA","0,4","6711,461436","0,003990647"
"Drought","Tetragastris panamensis",,"Pará","Belém","Caxiuanã National Forest Reserve","-1.716667","-51.450000","2016","9","2016","10","dry",,,,"22,9","3","20,24155233","38,91768487","0,484118798","0,799398771","79,43587783","0,029264634","0,042347723","0,545454545","25,72330425","4,477577205","2,912577205","100968,3936","0,395","1,565","12","0,4","13331,60882","0,00125"
"Drought","Pouteria anomala",,"Pará","Belém","Caxiuanã National Forest Reserve","-1.716667","-51.450000","2016","9","2016","10","dry",,,,"20,9","4","12,72944869","28,42628908","1,090362402","0,903822065","80,24985363","0,018356966","0,057757481","NA","3,600884216","1,541072385","0","109226,2297","1,5","4,45","19","0,3","11493,28033","0,003166218"
"Drought","Tetragastris panamensis",,"Pará","Belém","Caxiuanã National Forest Reserve","-1.716667","-51.450000","2016","9","2016","10","dry",,,,"14,6","3","NA","NA","2,644342161","0,765441305","73,3344597","0,023875271","NA","0,602385686","23,31836372","NA","NA","88499,81561","0,89","1,95","12","0,3","8848,135428","0,001215271"
"Drought","Licania membranacea",,"Pará","Belém","Caxiuanã National Forest Reserve","-1.716667","-51.450000","2016","9","2016","10","dry",,,,"17,8","3","17,27318287","35,37769511","1,018285524","1,016072677","95,2351152","0,022644935","0,083241069","0,733624454","21,27586017","3,302973186","1,832973186","98699,20288","0,235","1,47","12","0,5","13402,30379","0,001008417"
"Drought","Minquartia guianensis",,"Pará","Belém","Caxiuanã National Forest Reserve","-1.716667","-51.450000","2016","9","2016","10","dry",,,,"19,4","5","17,13239557","40,49740917","NA","0,284300575","72,30295603","0,00632422","0,103555749","0,685185185","NA","NA","NA","NA","0,86","1,65","12","0,8","18146,60752","0,001832128"
"Drought","Tetragastris panamensis",,"Pará","Belém","Caxiuanã National Forest Reserve","-1.716667","-51.450000","2016","9","2016","10","dry",,,,"12","3","15,24939773","35,83434285","0,543286469","0,63538868","NA","0,022174918","0,033974878","0,547619048","46,09115005","2,713974274","0,713974274","98578,37016","0,645","2","NA","0,7","7630,753234","0,000818523"
"Drought","Licania octandra",,"Pará","Belém","Caxiuanã National Forest Reserve","-1.716667","-51.450000","2016","9","2016","10","dry",,,,"11,4","4","19,31549455","14,20114584","0,598389787","0,396870094","NA","0,068122863","0,031004149","0,795620438","NA","NA","NA","NA","0,51","1,3","NA","0,6","8515,085249","0,000208961"
"Drought","Minquartia guianensis",,"Pará","Belém","Caxiuanã National Forest Reserve","-1.716667","-51.450000","2016","9","2016","10","dry",,,,"37,1","5","28,7565436","59,31939245","0,676314401","1,388119178","70,24688586","0,022593842","0,0708","0,669902913","53,21323483","0,660692749","0","15323,95937","0,61","1,44","NA","0,6","NA","0,002273008"
"Drought","Tetragastris panamensis",,"Pará","Belém","Caxiuanã National Forest Reserve","-1.716667","-51.450000","2016","9","2016","10","dry",,,,"16,6","3","NA","NA","0,8605044","NA","NA","0,0395","NA","0,679012346","0","2,911351402","0,661351402","49146,53668","0,765","2,25","NA","0,5","8713,718062","0,001088763"
"Drought","Syzygiopsis oppositifolia",,"Pará","Belém","Caxiuanã National Forest Reserve","-1.716667","-51.450000","2016","9","2016","10","dry",,,,"24,1","5","15,9707959","32,91503475","NA","0,678767305","63,8616874","0,043846556","0,069558107","0,534482759","34,19476136","0,979091266","0","129230,1444","0,615","3,25","NA","0,8","5491,943946","0,004708617"
"Drought","Eschweilera grandiflora",,"Pará","Belém","Caxiuanã National Forest Reserve","-1.716667","-51.450000","2016","9","2016","10","dry",,,,"18,5","4","34,74625794","76,94732452","0,990537046","0,385480212","65,53682093","0,100070944","0,294739554","0,666666667","1,223114461","3,874674656","1,274674656","344479,7808","0,395","2,6","23","0,8","NA","0,001560467"
"Drought","Swartzia racemosa",,"Pará","Belém","Caxiuanã National Forest Reserve","-1.716667","-51.450000","2016","9","2016","10","dry",,,,"22,7","3","36,3277774","41,31714288","1,096614755","0,828024474","72,39761723","0,073945283","0,064330004","NA","56,8245539","1,645436889","0","113712,7502","0,525","2,3","25","0,8","NA","0,001298311"
"Drought","Inga NA",,"Pará","Belém","Caxiuanã National Forest Reserve","-1.716667","-51.450000","2016","9","2016","10","dry",,,,"13,3","1","14,93931475","33,31067561","0,377749325","0,734101108","23,59054065","0,017756081","0,150690677","0,513274336","10,20488306","1,424130992","0","392669,1566","0,36","1,9","NA","0,9","34687,6663","0,000802631"
"Drought","Pouteria venosa",,"Pará","Belém","Caxiuanã National Forest Reserve","-1.716667","-51.450000","2016","9","2016","10","dry",,,,"41,3","5","16,03669493","34,70309581","1,122935235","0,617999332","57,27149791","0,017705142","0,109777106","0,616666667","0","1,426564255","0","106407,5507","0,705","2,2","20","0,6","9442,623015","0,000577409"
"Drought","Eschweilera grandiflora",,"Pará","Belém","Caxiuanã National Forest Reserve","-1.716667","-51.450000","2016","9","2016","10","dry",,,,"13,4","4","30,39546475","55,81813708","0,676822201","0,542815973","70,55118817","0,077837702","0,144359659","0,72352518","21,27938564","NA","NA","363744,5118","0,485","2,5","23","0,6","14738,95773","0,000345646"
"Drought","Aspidosperma araracanga",,"Pará","Belém","Caxiuanã National Forest Reserve","-1.716667","-51.450000","2016","9","2016","10","dry",,,,"15,8","3","11,26063227","28,95066156","0,332551882","2,215648727","35,61876171","0,06668487","0,095277713","0,573099415","71,31351556","NA","NA","17131,98656","0,3","1,8","28","1,1","9697,669119","0,001736445"
"Drought","Pouteria anomala",,"Pará","Belém","Caxiuanã National Forest Reserve","-1.716667","-51.450000","2016","9","2016","10","dry",,,,"19,6","5","25,97153116","38,98828374","0,945139783","0,723894805","81,5738731","0,078082397","0,122809963","0,707865169","12,97354404","1,392934252","0","203983,4077","2,25","2,766666667","23","0,5","19410,92278","0,004786611"
"Drought","Swartzia racemosa",,"Pará","Belém","Caxiuanã National Forest Reserve","-1.716667","-51.450000","2016","9","2016","10","dry",,,,"49,6","5","16,8571699","48,13719569","0,725967768","0,888483068","82,72836727","0,013790469","0,032386408","0,721518987","24,61399676","3,21767897","0,71767897","341972,8654","0,655","2,5","23","0,6","NA","NA"
"Drought","Tetragastris panamensis",,"Pará","Belém","Caxiuanã National Forest Reserve","-1.716667","-51.450000","2016","9","2016","10","dry",,,,"13,4","3","23,8563856","5,355051606","0,448737678","0,928070132","85,0309377","0,048903765","0,071824119","0,626666667","39,41298215","NA","NA","157830,2291","1,185","2,1","12","0,5","5057,969696","0,001525235"
"Drought","Micropholis venulosa",,"Pará","Belém","Caxiuanã National Forest Reserve","-1.716667","-51.450000","2016","9","2016","10","dry",,,,"13,5","2","19,49170772","39,44209225","0,9855651","0,678321211","NA","0,004973595","0,044169312","0,622366288","0,67655205","NA","NA","223722,1546","1,6","2,45","NA","0,4","NA","0,003482611"
"Drought","Licania membranacea",,"Pará","Belém","Caxiuanã National Forest Reserve","-1.716667","-51.450000","2016","9","2016","10","dry",,,,"27,8","5","24,07640305","35,40950095","0,995055231","0,476050111","77,4761794","0,013096026","0,174230219","0,747081712","NA","2,70622593","1,65622593","NA","0,45","1,05","12","0,3","16562,87645","0,001251566"
"Drought","Swartzia racemosa",,"Pará","Belém","Caxiuanã National Forest Reserve","-1.716667","-51.450000","2016","9","2016","10","dry",,,,"37,3","3","35,31373718","49,4030467","NA","0,609139782","37,9584356","0,020975298","0,193391442","0,744680851","29,35343276","4,622389696","2,772389696","81228,27831","0,185","1,85","25","0,6","3050,165581","0,002841286"
"Drought","Eschweilera coriacea",,"Pará","Belém","Caxiuanã National Forest Reserve","-1.716667","-51.450000","2016","9","2016","10","dry",,,,"20,5","4","27,66705011","40,69205957","0,56207822","0,556129885","83,00874163","0,012558581","0,238679968","0,488","0","2,123032554","0,383032554","283819,6914","0,45","1,74","16","0,6","7376,198211","0,000172941"
"Drought","Minquartia guianensis",,"Pará","Belém","Caxiuanã National Forest Reserve","-1.716667","-51.450000","2016","9","2016","10","dry",,,,"41,3","5","22,53636718","48,93189872","0,356289672","0,434025414","72,4230064","0,021937679","0,062123122","0,698795181","17,35740065","1,887268798","0,397268798","121056,284","0,535","1,49","14","0,7","12171,37117","0,001387341"
"Drought","Swartzia brachyrachis",,"Pará","Belém","Caxiuanã National Forest Reserve","-1.716667","-51.450000","2016","9","2016","10","dry",,,,"17,8","3","23,55759979","31,68473021","0,498143884","0,470280031","44,31843802","0,010212224","0,071903107","0,749196141","NA","3,392240161","1,382240161","NA","0,65","2,01","14","0,7","NA","0,000255856"
"Drought","Inga gracilifolia",,"Pará","Belém","Caxiuanã National Forest Reserve","-1.716667","-51.450000","2016","9","2016","10","dry",,,,"22,3","5","NA","NA","0,515586824","0,470734184","67,8936908","0,018598171","NA","NA","19,39080955","1,906239836","0","100448,8239","0,67","2,2","NA","0,5","NA","0,001092166"
"Drought","Minquartia guianensis",,"Pará","Belém","Caxiuanã National Forest Reserve","-1.716667","-51.450000","2016","9","2016","10","dry",,,,"19,9","3","17,9435933","43,24581795","0,621040058","1,2372754","89,7401148","0,010622008","0,047402325","NA","17,70813039","NA","NA","109532,9052","0,8","1,49","17","0,6","NA","0,001648206"
"Drought","Virola michelii",,"Pará","Belém","Caxiuanã National Forest Reserve","-1.716667","-51.450000","2016","9","2016","10","dry",,,,"21,9","5","16,52499717","36,67909842","1,262723428","0,898968263","74,90102477","0,021778255","0,064932822","0,578512397","NA","0,677599216","0","NA","2","3,1","16","0,5","NA","0,002372695"
"Drought","Licania octandra",,"Pará","Belém","Caxiuanã National Forest Reserve","-1.716667","-51.450000","2016","9","2016","10","dry",,,,"12,3","4","NA","NA","1,045757784","0,602150948","58,52186084","0,037777864","NA","0,693670886","NA","NA","NA","NA","0,145","0,75","16","0,5","NA","0,001013144"
"Drought","Pouteria anomala",,"Pará","Belém","Caxiuanã National Forest Reserve","-1.716667","-51.450000","2016","9","2016","10","dry",,,,"27,8","5","18,11973709","48,88998007","2,353827267","1,01094914","66,95316899","0,013376926","0,044523285","0,95125","5,667026531","2,302120134","0","90356,14891","1,333333333","3,9","23","0,4","11646,85672","0,003592599"
"Drought","Vouacapoua americana",,"Pará","Belém","Caxiuanã National Forest Reserve","-1.716667","-51.450000","2016","9","2016","10","dry",,,,"33","3","16,90330068","37,63830982","1,09137315","0,444512324","51,25900769","0,020344647","0,03832511","0,770212766","16,90093382","4,467998942","1,567998942","455279,4338","0,65","2,9","NA","NA","12740,1633","0,000815835"
"Drought","Inga gracilifolia",,"Pará","Belém","Caxiuanã National Forest Reserve","-1.716667","-51.450000","2016","9","2016","10","dry",,,,"34,2","5","17,0270633","39,69370935","0,852215084","0,755403989","43,86986477","0,044802482","0,068685446","0,77124183","14,33262438","3,412152456","1,162152456","607151,2316","0,55","2,25","27","0,8","18029,15949","0,001067889"
"Drought","Eschweilera grandiflora",,"Pará","Belém","Caxiuanã National Forest Reserve","-1.716667","-51.450000","2016","9","2016","10","dry",,,,"13,8","3","21,49971488","32,42181269","1,494035902","0,712875198","58,1937917","0,073122955","0,069098352","0,678899083","37,00999513","NA","NA","397831,7992","0,78","2,55","25","0,7","15786,48999","0,00137933"
"Drought","Vouacapoua americana",,"Pará","Belém","Caxiuanã National Forest Reserve","-1.716667","-51.450000","2016","9","2016","10","dry",,,,"15,1","2","NA","NA","0,491337571","0,401143152","40,77170973","0,011975016","NA","0,725888325","31,72870591","2,872104575","0,022104575","156859,7975","0,76","2,85","23","0,8","12702,9881","0,000793079"
"Drought","Pouteria decorticans",,"Pará","Belém","Caxiuanã National Forest Reserve","-1.716667","-51.450000","2016","9","2016","10","dry",,,,"10,3","2","14,7928182","31,61552626","0,381604431","0,338866903","61,32873217","0,005406462","0,073983824","0,836363636","20,43179152","NA","NA","100502,921","0,75","2,515","13","0,7","11962,41849","0,000371074"
"Drought","Pouteria jariensis",,"Pará","Belém","Caxiuanã National Forest Reserve","-1.716667","-51.450000","2016","9","2016","10","dry",,,,"51,7","5","29,65811383","47,36353304","1,235586359","0,461472721","NA","0,031130313","0,09517777","NA","0","NA","NA","145390,0772","0,89","1,82","NA","NA","11700,25889","0,000197478"
"Drought","Licania octandra",,"Pará","Belém","Caxiuanã National Forest Reserve","-1.716667","-51.450000","2016","9","2016","10","dry",,,,"17,8","2","15,91923123","8,692332245","0,164394149","0,39341257","NA","0,046281191","0,052852364","0,766666667","0","NA","NA","25843,78105","0,14","0,85","NA","NA","5046,962627","0,000501266"
"Drought","Minquartia guianensis",,"Pará","Belém","Caxiuanã National Forest Reserve","-1.716667","-51.450000","2016","9","2016","10","dry",,,,"25,4","3","17,47639263","43,06956556","2,573507186","0,688579623","56,54664763","0,008887546","0,033890655","0,727915194","7,285334845","NA","NA","280875,164","0,37","0,95","15","0,5","11113,66482","0,002242508"
"Drought","Micropholis egensis",,"Pará","Belém","Caxiuanã National Forest Reserve","-1.716667","-51.450000","2016","9","2016","10","dry",,,,"23,5","NA","16,35254582","38,54711556","0,613529912","0,615426489","78,949349","0,013174306","0,034921143","0,54767184","1,637056225","1,119849569","0","328511,273","0,7","1,645","10","0,5","NA","0,001724751"
"Drought","Swartzia racemosa",,"Pará","Belém","Caxiuanã National Forest Reserve","-1.716667","-51.450000","2016","9","2016","10","dry",,,,"63,5","5","35,12512","52,04525232","1,54011878","0,363510707","NA","0,025803364","0,181703746","0,802898551","37,2672498","2,510961657","0","228018,8613","0,575","2,81","NA","0,4","7607,3008","0,004315807"
"Drought","Eschweilera coriacea",,"Pará","Belém","Caxiuanã National Forest Reserve","-1.716667","-51.450000","2016","9","2016","10","dry",,,,"18,8","3","17,72067507","29,2019852","0,419387321","0,443816497","55,49266158","0,007927485","0,062868757","0,633699634","17,08967395","3,46117672","1,87617672","216429,2894","0,595","1,585","NA","0,6","12372,0095","0,00092636"
"Drought","Pouteria venosa",,"Pará","Belém","Caxiuanã National Forest Reserve","-1.716667","-51.450000","2016","9","2016","10","dry",,,,"10,3","2","16,06533328","23,79842493","0,379553904","0,285794492","61,85804305","0,00992396","0,099130833","0,693251534","21,14758263","NA","NA","111267,2181","1,1","2,45","16","0,4","12801,7289","NA"
"Drought","Protium paniculatum",,"Pará","Belém","Caxiuanã National Forest Reserve","-1.716667","-51.450000","2016","9","2016","10","dry",,,,"38","5","NA","NA","0,958924977","1,083196665","81,88199247","NA","NA","NA","12,09474216","1,858129148","0","371692,4509","0,8","3","11","0,5","13100,7846","0,001380889"
"Drought","Virola crebrinervia",,"Pará","Belém","Caxiuanã National Forest Reserve","-1.716667","-51.450000","2016","9","2016","10","dry",,,,"20,4","3","24,56449977","48,92453976","0,846547676","0,381131136","50,83439486","0,009514872","0,091037676","0,493670886","NA","2,208339604","0","NA","1,04","2,825","20","0,5","NA","0,002635214"
"Drought","Minquartia guianensis",,"Pará","Belém","Caxiuanã National Forest Reserve","-1.716667","-51.450000","2016","9","2016","10","dry",,,,"16,5","2","16,09028029","37,00127951","0,299463723","0,466696042","57,44694781","0,019912759","0,038849996","NA","19,39712939","NA","NA","180315,9564","0,285","1,15","18","0,5","7234,31845","0,00087526"
