Cluster,Forest,Region,Site,Family,Species,Pheno,Domin_relat,p50,p88,Psi_min,HSM_p50,HSM_p88,wd_b,MCWD,WDA
ALP,Aseasonal,Western Amazon,ALP1,Lauraceae,Anaueria brasiliensis,NA,9.728895715,-1.830909564,-2.839636987,-1.2424,0.588509564,1.597236987,0.590430256,-23.1076032,0
ALP,Aseasonal,Western Amazon,ALP1,Moraceae,Brosimum rubescens,Evergreen,0.509837274,-1.940119832,-3.330543227,-0.839833333,1.100286499,2.490709894,0.571388148,-23.1076032,-32
ALP,Aseasonal,Western Amazon,ALP1,Fabaceae,Dialium guianense,Evergreen,2.371617795,-3.081030023,-5.921046808,-0.718285714,2.362744309,5.202761094,0.644982165,-23.1076032,-166
ALP,Aseasonal,Western Amazon,ALP1,Annonaceae,Diclinanona tessmannii,NA,0.509069678,-1.934702606,-2.631881691,-0.507333333,1.427369273,2.124548358,0.561876724,-23.1076032,0
ALP,Aseasonal,Western Amazon,ALP1,Linaceae,Hebepetalum humiriifolium,NA,0.552586468,-0.432303073,-0.72635197,-0.8614,-0.429096927,-0.13504803,0.680063919,-23.1076032,-173
ALP,Aseasonal,Western Amazon,ALP1,Fabaceae,Inga thibaudiana,NA,0.518599678,-1.858631819,-3.027741048,-1.17325,0.685381819,1.854491048,0.544356264,-23.1076032,-121
ALP,Aseasonal,Western Amazon,ALP1,Sapotaceae,Pouteria torta,Deciduous,0.524752255,-1.596206843,-2.819250312,-0.3795,1.216706843,2.439750312,0.741342165,-23.1076032,-98
ALP,Aseasonal,Western Amazon,ALP1,Burseraceae,Protium indet,NA,NA,-3.744415034,-6.490245333,-0.420285714,3.32412932,6.069959619,0.429023508,-23.1076032,NA
ALP,Aseasonal,Western Amazon,ALP1,Burseraceae,Protium opacum,Evergreen,1.207399012,-1.104929866,-1.665593096,-0.5494,0.555529866,1.116193096,0.553224961,-23.1076032,-44
ALP,Aseasonal,Western Amazon,ALP1,Moraceae,Pseudolmedia laevis,Evergreen,0.37496475,-2.881659983,-5.558480269,-0.868166667,2.013493316,4.690313602,0.574879248,-23.1076032,-287
ALP,Aseasonal,Western Amazon,ALP1,Phyllanthaceae,Richeria grandis,Semideciduous,0.659884582,-1.729014481,-3.140022798,-1.0862,0.642814481,2.053822798,0.634683142,-23.1076032,-34
ALP,Aseasonal,Western Amazon,ALP1,Euphorbiaceae,Senefeldera skutchiana,NA,2.269988082,-2.975179809,-4.675984411,-0.4636,2.511579809,4.212384411,0.605484491,-23.1076032,NA
ALP,Aseasonal,Western Amazon,ALP1,Anacardiaceae,Tapirira guianensis,Evergreen,0.931725759,-1.695891438,-3.433648639,-0.542875,1.153016438,2.890773639,0.45271816,-23.1076032,-144
ALP,Aseasonal,Western Amazon,ALP1,Myristicaceae,Virola pavonis,Evergreen,1.722987351,-1.236916434,-2.164219067,-1.111,0.125916434,1.053219067,0.46482129,-23.1076032,-5
ALP,Aseasonal,Western Amazon,ALP2,Moraceae,Brosimum guianense,Deciduous,0.945594117,-2.19747693,-3.342789847,-0.534666667,1.662810263,2.80812318,0.591755483,-23.27687769,-178
ALP,Aseasonal,Western Amazon,ALP2,Moraceae,Brosimum utile,Evergreen,9.01910593,-1.82187107,-2.574230505,-0.783,1.03887107,1.791230505,0.563091794,-23.27687769,-279
ALP,Aseasonal,Western Amazon,ALP2,Sapotaceae,Chrysophyllum amazonicum,NA,1.144864294,-1.905611954,-3.158223524,-0.361625,1.543986954,2.796598524,0.604352928,-23.27687769,-3
ALP,Aseasonal,Western Amazon,ALP2,Fabaceae,Cynometra bauhiniifolia,NA,3.705159364,-1.903673175,-3.589858098,-0.7866,1.117073175,2.803258098,0.757745882,-23.27687769,NA
ALP,Aseasonal,Western Amazon,ALP2,Lecythidaceae,Eschweilera coriacea,Evergreen,0.581655203,-1.415471658,-2.82940653,-0.9062,0.509271658,1.92320653,0.593949535,-23.27687769,-26
ALP,Aseasonal,Western Amazon,ALP2,Violaceae,Leonia glycycarpa,NA,0.783758906,-1.366323762,-2.311135852,-0.521857143,0.844466619,1.789278709,0.614547168,-23.27687769,-114
ALP,Aseasonal,Western Amazon,ALP2,Euphorbiaceae,Nealchornea yapurensis,NA,2.169275543,-1.013076214,-2.257237467,-0.498333333,0.514742881,1.758904134,0.489635148,-23.27687769,-31
ALP,Aseasonal,Western Amazon,ALP2,Myristicaceae,Otoba glycycarpa,NA,1.8898772,-0.831289076,-0.980317517,-0.833,-0.001710924,0.147317517,0.443410805,-23.27687769,-17
ALP,Aseasonal,Western Amazon,ALP2,Burseraceae,Protium grandifolium,Evergreen,0.820742763,-1.656737131,-1.899606289,-0.61875,1.037987131,1.280856289,0.533487085,-23.27687769,-1
ALP,Aseasonal,Western Amazon,ALP2,Moraceae,Pseudolmedia laevis,Evergreen,0.379382335,-1.560962612,-1.854997566,NA,NA,NA,0.648706313,-23.27687769,-287
ALP,Aseasonal,Western Amazon,ALP2,Simaroubaceae,Simarouba amara,Evergreen,5.60335388,-0.625038208,-0.966558267,-0.715833333,-0.090795125,0.250724934,0.517932326,-23.27687769,-207
CAX,Intermediate DSL,C.Eastern Amazon,CAX,Apocynaceae,Aspidosperma desmanthum,NA,NA,-1.690923225,-4.731437515,-2.35,-0.659076775,2.381437515,0.513056836,-256.0901071,-205
CAX,Intermediate DSL,C.Eastern Amazon,CAX,Apocynaceae,Aspidosperma NA,NA,NA,-2.388772456,-4.950017515,-2.425,-0.036227544,2.525017515,0.674887892,-256.0901071,NA
CAX,Intermediate DSL,C.Eastern Amazon,CAX,Apocynaceae,Aspidosperma nitidum,NA,0.237051412,-1.848065696,-3.285899305,-2.005,-0.156934304,1.280899305,0.753926702,-256.0901071,NA
CAX,Intermediate DSL,C.Eastern Amazon,CAX,Lecythidaceae,Eschweilera coriacea,Evergreen,0.867925775,-1.794533086,-3.103578885,-1.895,-0.100466914,1.208578885,0.624634904,-256.0901071,-26
CAX,Intermediate DSL,C.Eastern Amazon,CAX,Lecythidaceae,Eschweilera grandiflora,Evergreen,1.221158687,-3.710093331,-5.993779199,-2.3,1.410093331,3.693779199,0.60875384,-256.0901071,-2
CAX,Intermediate DSL,C.Eastern Amazon,CAX,Lecythidaceae,Eschweilera NA,NA,0.090567925,-1.019850003,-1.525258606,-1.15,-0.130149997,0.375258606,0.701219512,-256.0901071,NA
CAX,Intermediate DSL,C.Eastern Amazon,CAX,Fabaceae,Inga alba,NA,0.478839002,-3.624891658,-4.80673625,-1.32,2.304891658,3.48673625,0.660341556,-256.0901071,-127
CAX,Intermediate DSL,C.Eastern Amazon,CAX,Chrysobalanaceae,Licania membranacea,NA,0.435129479,-1.603140409,-1.739311078,-0.85,0.753140409,0.889311078,0.709473684,-256.0901071,NA
CAX,Intermediate DSL,C.Eastern Amazon,CAX,Sapotaceae,Micropholis venulosa,Evergreen,2.08840839,-1.226942325,-2.311143329,-3.75,-2.523057675,-1.438856671,0.599858678,-256.0901071,-20
CAX,Intermediate DSL,C.Eastern Amazon,CAX,Olacaceae,Minquartia guianensis,Evergreen,3.21543875,-1.380315394,-2.294470449,-1.895,-0.514684606,0.399470449,0.695121522,-256.0901071,-49
CAX,Intermediate DSL,C.Eastern Amazon,CAX,Sapotaceae,Pouteria anomala,Evergreen,3.098015336,-1.767683982,-4.04116359,-3.03,-1.262316018,1.01116359,0.660717996,-256.0901071,NA
CAX,Intermediate DSL,C.Eastern Amazon,CAX,Sapotaceae,Pouteria decorticans,NA,0.011448728,-2.924927076,-5.721109248,-2.25,0.674927076,3.471109248,0.811213726,-256.0901071,NA
CAX,Intermediate DSL,C.Eastern Amazon,CAX,Sapotaceae,Pouteria oppositifolia,NA,2.066796132,-1.27523851,-1.69873661,-2.05,-0.77476149,-0.35126339,0.549404043,-256.0901071,NA
CAX,Intermediate DSL,C.Eastern Amazon,CAX,Sapotaceae,Pouteria venosa,Evergreen,NA,-2.148971369,-4.705412734,-2.025,0.123971369,2.680412734,0.781982828,-256.0901071,NA
CAX,Intermediate DSL,C.Eastern Amazon,CAX,Burseraceae,Protium tenuifolium,Evergreen,1.828572617,-2.291453442,-5.585929672,-2.1,0.191453442,3.485929672,0.465003176,-256.0901071,-198
CAX,Intermediate DSL,C.Eastern Amazon,CAX,Fabaceae,Swartzia racemosa,NA,7.166076384,-3.083871824,-5.840325523,-2.75,0.333871824,3.090325523,0.673142073,-256.0901071,0
CAX,Intermediate DSL,C.Eastern Amazon,CAX,Myristicaceae,Virola michelii,Evergreen,2.658043124,-1.92544333,-4.398137477,-2.5,-0.57455667,1.898137477,0.492307692,-256.0901071,-334
CAX,Intermediate DSL,C.Eastern Amazon,CAX,Fabaceae,Vouacapoua americana,Semideciduous,0.033182054,-3.004295563,-5.712683435,-3.2,-0.195704437,2.512683435,0.647730414,-256.0901071,NA
FEC,Intermediate DSL,Western Amazon,FEC,Fabaceae,Apuleia molaris,Deciduous,4.410594809,-4.267609574,-7.379369607,NA,NA,NA,0.64300226,-288.7350259,NA
FEC,Intermediate DSL,Western Amazon,FEC,Apocynaceae,Aspidosperma auriculatum,NA,6.788187411,-1.661741518,-3.513541603,-2.536333333,-0.874591815,0.97720827,0.727264471,-288.7350259,NA
FEC,Intermediate DSL,Western Amazon,FEC,Apocynaceae,Aspidosperma vargasii,NA,1.20018841,-0.375008236,-0.896479898,-2.572,-2.196991764,-1.675520102,0.717919956,-288.7350259,NA
FEC,Intermediate DSL,Western Amazon,FEC,Salicaceae,Banara nitida,Evergreen,1.039258279,-1.819646588,-3.53141986,-3.13725,-1.317603412,0.39416986,0.730602359,-288.7350259,-99
FEC,Intermediate DSL,Western Amazon,FEC,Lecythidaceae,Bertholletia excelsa,Evergreen,4.089476976,-1.425041771,-2.498828301,-2.644333333,-1.219291562,-0.145505032,0.687234343,-288.7350259,-252
FEC,Intermediate DSL,Western Amazon,FEC,Moraceae,Castilla ulei,Deciduous,6.75574178,-1.492702394,-2.220217048,NA,NA,NA,0.559045627,-288.7350259,-91
FEC,Intermediate DSL,Western Amazon,FEC,Meliaceae,Cedrela odorata,Deciduous,1.827029733,-0.914459278,-1.305890334,NA,NA,NA,0.707701684,-288.7350259,-223
FEC,Intermediate DSL,Western Amazon,FEC,Moraceae,Clarisia racemosa,Semideciduous,2.011909351,-1.524223509,-2.161678112,-2.246,-0.721776491,-0.084321888,0.590908998,-288.7350259,-183
FEC,Intermediate DSL,Western Amazon,FEC,Fabaceae,Dialium guianense,Evergreen,1.825618625,-1.188112259,-2.01280239,-2.6475,-1.459387741,-0.63469761,0.690641135,-288.7350259,-166
FEC,Intermediate DSL,Western Amazon,FEC,Apocynaceae,Geissospermum reticulatum,NA,1.876098894,-2.404968627,-4.100490757,-1.7984,0.606568627,2.302090757,0.666078709,-288.7350259,-249
FEC,Intermediate DSL,Western Amazon,FEC,Euphorbiaceae,Hevea brasiliensis,Deciduous,2.251286222,-1.165504708,-2.113541484,NA,NA,NA,0.646964991,-288.7350259,-193
FEC,Intermediate DSL,Western Amazon,FEC,Bignoniaceae,Jacaranda copaia,Semideciduous,0.578721094,-1.865679212,-2.696417244,-1.347,0.518679212,1.349417244,NA,-288.7350259,-195
FEC,Intermediate DSL,Western Amazon,FEC,Lauraceae,Mezilaurus itauba,Evergreen,3.187710683,-3.074900944,-5.945080204,-2.122,0.952900944,3.823080204,0.679659983,-288.7350259,-204
FEC,Intermediate DSL,Western Amazon,FEC,Urticaceae,Pourouma minor,NA,1.846711481,-1.250168479,-1.553064583,-1.877,-0.626831521,-0.323935417,0.599922545,-288.7350259,-168
FEC,Intermediate DSL,Western Amazon,FEC,Moraceae,Pseudolmedia laevis,Evergreen,2.133726739,-2.847080521,-5.388297478,-3.075,-0.227919479,2.313297478,0.785038112,-288.7350259,-287
FEC,Intermediate DSL,Western Amazon,FEC,Moraceae,Pseudolmedia murure,NA,1.40769491,-2.068612073,-3.255719878,-2.384333333,-0.31572126,0.871386545,0.616595658,-288.7350259,NA
FEC,Intermediate DSL,Western Amazon,FEC,Vochysiaceae,Qualea grandiflora,Deciduous,2.416444757,-2.692457459,-4.572094794,-3.499,-0.806542541,1.073094794,0.51578114,-288.7350259,-442
FEC,Intermediate DSL,Western Amazon,FEC,Fabaceae,Tachigali chrysaloides,NA,NA,-3.137160294,-4.450048867,-2.237,0.900160294,2.213048867,0.656,-288.7350259,NA
FEC,Intermediate DSL,Western Amazon,FEC,Burseraceae,Tetragastris altissima,Evergreen,10.61509029,-3.421073804,-5.354644001,-2.9,0.521073804,2.454644001,0.680259503,-288.7350259,-279
KEN,Long DSL,Western Amazon,KEN1,Ulmaceae,Ampelocera ruizii,Semideciduous,5.385119142,-3.478520675,-5.69506162,-3.823666667,-0.345145992,1.871394953,0.68109652,-472.4509994,-552
KEN,Long DSL,Western Amazon,KEN1,Lecythidaceae,Cariniana estrellensis,Semideciduous,1.33750881,-1.992686439,-3.258127229,-2.94325,-0.950563561,0.314877229,0.650072663,-472.4509994,-538
KEN,Long DSL,Western Amazon,KEN1,Fabaceae,Centrolobium microchaete,Deciduous,4.410563854,-1.766668752,-2.662756603,-3.338,-1.571331248,-0.675243397,0.511515677,-472.4509994,-639
KEN,Long DSL,Western Amazon,KEN1,Moraceae,Ficus crocata,Evergreen,8.799841249,-2.268602117,-2.498033568,-3.681333333,-1.412731216,-1.183299765,0.524116273,-472.4509994,-437
KEN,Long DSL,Western Amazon,KEN1,Euphorbiaceae,Hura crepitans,Semideciduous,19.7578109,-1.726047082,-2.955017169,-1.275,0.451047082,1.680017169,0.529016502,-472.4509994,-531
KEN,Long DSL,Western Amazon,KEN1,Fabaceae,Piptadenia viridiflora,Deciduous,0.130664847,-1.194831503,-2.970867389,-2.674333333,-1.47950183,0.296534056,0.595148673,-472.4509994,-654
KEN,Long DSL,Western Amazon,KEN1,Sapotaceae,Pouteria macrophylla,Semideciduous,2.491459579,-3.834545485,-7.266112983,-1.590333333,2.244212152,5.67577965,0.593431972,-472.4509994,-443
KEN,Long DSL,Western Amazon,KEN1,Sapotaceae,Pouteria nemorosa,Semideciduous,4.281337961,-2.524893135,-4.024435937,-1.540666667,0.984226468,2.48376927,0.585697029,-472.4509994,-541
KEN,Long DSL,Western Amazon,KEN1,Moraceae,Pseudolmedia laevis,Evergreen,18.77989685,-2.90615718,-4.575629993,-1.664666667,1.241490513,2.910963326,0.577279695,-472.4509994,-287
KEN,Long DSL,Western Amazon,KEN1,Meliaceae,Swietenia macrophylla,Semideciduous,1.704362935,-2.771835761,-4.891341787,-1.56025,1.211585761,3.331091787,0.630139729,-472.4509994,-282
KEN,Long DSL,Western Amazon,KEN1,Meliaceae,Swietenia macrophylla,Semideciduous,1.704362935,-2.771835761,-4.891341787,-1.56025,1.211585761,3.331091787,0.630139729,-472.4509994,-282
KEN,Long DSL,Western Amazon,KEN2,Ulmaceae,Ampelocera ruizii,Semideciduous,1.146528817,-4.210781173,-5.474509952,-3.32,0.890781173,2.154509952,0.710394535,-476.0034709,-552
KEN,Long DSL,Western Amazon,KEN2,Fabaceae,Anadenanthera colubrina,Deciduous,7.640724957,-2.722871404,-4.631002805,-3.951333333,-1.228461929,0.679669472,0.737475256,-476.0034709,-575
KEN,Long DSL,Western Amazon,KEN2,Fabaceae,Caesalpinia pluviosa,Deciduous,22.02158903,-1.92364402,-3.898264802,-4.4035,-2.47985598,-0.505235198,0.793559234,-476.0034709,NA
KEN,Long DSL,Western Amazon,KEN2,Lecythidaceae,Cariniana estrellensis,Semideciduous,0.864549819,-1.241690021,-2.331308935,-2.021333333,-0.779643312,0.309975602,0.683345247,-476.0034709,-538
KEN,Long DSL,Western Amazon,KEN2,Lecythidaceae,Cariniana ianeirensis,Semideciduous,4.565234277,-1.024192928,-3.598011514,NA,NA,NA,0.482311324,-476.0034709,-648
KEN,Long DSL,Western Amazon,KEN2,Salicaceae,Casearia gossypiosperma,Deciduous,3.22444421,-3.214549401,-6.203233595,-2.685666667,0.528882734,3.517566928,0.743795153,-476.0034709,-506
KEN,Long DSL,Western Amazon,KEN2,Fabaceae,Centrolobium microchaete,Deciduous,1.879645511,-3.1481267,-3.983338014,-3.875,-0.7268733,0.108338014,0.638561874,-476.0034709,-639
KEN,Long DSL,Western Amazon,KEN2,Fabaceae,Piptadenia viridiflora,Deciduous,4.357581605,-4.54850372,-6.157343984,-3.752,0.79650372,2.405343984,0.602575993,-476.0034709,-654
KEN,Long DSL,Western Amazon,KEN2,Sapotaceae,Pouteria macrophylla,Semideciduous,0.326675703,-3.379926295,-4.578082864,-0.959666667,2.420259628,3.618416197,0.586920008,-476.0034709,-443
KEN,Long DSL,Western Amazon,KEN2,Euphorbiaceae,Sapium glandulosum,Deciduous,4.763763377,-1.174136641,-1.306910294,-1.306,-0.131863359,0.000910294,0.493676,-476.0034709,-326
KEN,Long DSL,Western Amazon,KEN2,Anacardiaceae,Spondias mombin,Deciduous,4.042297637,-1.627112254,-2.5572669,-1.424,0.203112254,1.1332669,0.624477303,-476.0034709,-304
KEN,Long DSL,Western Amazon,KEN2,Fabaceae,Sweetia fruticosa,Deciduous,2.665712248,-2.682710555,-4.345472705,-2.887333333,-0.204622778,1.458139372,0.767064211,-476.0034709,-616
MAN,Intermediate DSL,C.Eastern Amazon,MAN,Caryocaraceae,Caryocar glabrum,NA,0.01,-1.78,-3.1,-0.73,1.05,2.37,0.593,-184.2566168,-14
MAN,Intermediate DSL,C.Eastern Amazon,MAN,Fabaceae,Dipteryx odorata,Evergreen,0.14,-4.47,-6.22,-1.06,3.41,5.16,0.789,-184.2566168,-213
MAN,Intermediate DSL,C.Eastern Amazon,MAN,Lecythidaceae,Eschweilera coriacea,Evergreen,1.77,-1.57,-1.59,-1.68,-0.11,-0.09,0.642,-184.2566168,-26
MAN,Intermediate DSL,C.Eastern Amazon,MAN,Lecythidaceae,Eschweilera cyathiformis,NA,0.26,-3.05,-4.74,-0.8,2.25,3.94,0.685,-184.2566168,NA
MAN,Intermediate DSL,C.Eastern Amazon,MAN,Lecythidaceae,Eschweilera sp.,NA,0.54,-2.47,-6.2,-1.71,0.76,4.49,0.639,-184.2566168,NA
MAN,Intermediate DSL,C.Eastern Amazon,MAN,Lecythidaceae,Eschweilera wachenheimii,NA,3.02,-2.19,-2.86,-1.78,0.41,1.08,0.689,-184.2566168,NA
MAN,Intermediate DSL,C.Eastern Amazon,MAN,Celastraceae,Goupia glabra,Semideciduous,1.2,-2.2,-3.8,-1.01,1.19,2.79,0.609,-184.2566168,-85
MAN,Intermediate DSL,C.Eastern Amazon,MAN,Lecythidaceae,Gustavia elliptica,NA,0.09,-2.75,-6.64,-1.82,0.93,4.82,0.662,-184.2566168,NA
MAN,Intermediate DSL,C.Eastern Amazon,MAN,Lecythidaceae,Lecythis prancei,NA,0.76,-1.8,-2.13,-2.72,-0.92,-0.59,0.71,-184.2566168,NA
MAN,Intermediate DSL,C.Eastern Amazon,MAN,Moraceae,Maquira sclerophylla,Evergreen,0.24,-2.21,-3.82,-1.07,1.14,2.75,0.625262411,-184.2566168,NA
MAN,Intermediate DSL,C.Eastern Amazon,MAN,Olacaceae,Minquartia guianensis,Evergreen,1.21,-2.16,-4.56,-1.69,0.47,2.87,0.742,-184.2566168,-49
MAN,Intermediate DSL,C.Eastern Amazon,MAN,Lauraceae,Ocotea sp.,NA,0.16,-1.84,-3.6,-2.2,-0.36,1.4,0.5,-184.2566168,NA
MAN,Intermediate DSL,C.Eastern Amazon,MAN,Sapotaceae,Pouteria anomala,Evergreen,1.05,-1.01,-1.47,-1.18,-0.17,0.29,0.674,-184.2566168,NA
MAN,Intermediate DSL,C.Eastern Amazon,MAN,Sapotaceae,Pouteria erythrochrysa,NA,0.38,-3.92,-6.96,-0.88,3.04,6.08,0.722,-184.2566168,NA
MAN,Intermediate DSL,C.Eastern Amazon,MAN,Burseraceae,Protium hebetatum,NA,0.64,-1.49,-3.52,-0.82,0.67,2.7,0.61,-184.2566168,-17
MAN,Intermediate DSL,C.Eastern Amazon,MAN,Bombacaceae,Scleronema micranthum,NA,1.37,-1.77,-1.97,-1.41,0.36,0.56,0.627,-184.2566168,-3
MAN,Intermediate DSL,C.Eastern Amazon,MAN,Fabaceae,Zygia racemosa,NA,0.85,-3.02,-6.19,-0.65,2.37,5.54,0.799,-184.2566168,NA
VCR,Long DSL,Southern Amazon,NVX,Rubiaceae,Amaioua guianensis,Evergreen,6.23,-3.133695227,-4.768521772,-4.75,-1.616304773,0.018521772,0.625,-643.3014819,-370
VCR,Long DSL,Southern Amazon,NVX,Moraceae,Brosimum rubescens,Evergreen,4.23,-1.92301548,-2.713732082,-2.9,-0.97698452,-0.186267918,0.720520216,-643.3014819,-32
VCR,Long DSL,Southern Amazon,NVX,Peraceae,Chaetocarpus echinocarpus,Evergreen,9.94,-4.838862114,-5.925759576,-4.46,0.378862114,1.465759576,0.805,-643.3014819,NA
VCR,Long DSL,Southern Amazon,NVX,Celastraceae,Cheiloclinium cognatum,NA,3.83,-2.585001628,-4.010162866,-4.36,-1.774998372,-0.349837134,0.702,-643.3014819,NA
VCR,Long DSL,Southern Amazon,NVX,Annonaceae,Ephedranthus parviflorus,NA,10.8,-2.371666317,-3.268221427,-4.36,-1.988333683,-1.091778573,0.816,-643.3014819,NA
VCR,Long DSL,Southern Amazon,NVX,Euphorbiaceae,Mabea fistulifera,Deciduous,8.78,-2.392018716,-3.466810827,-3.27,-0.877981284,0.196810827,0.616813403,-643.3014819,-435
VCR,Long DSL,Southern Amazon,NVX,Burseraceae,Tetragastris altissima,Evergreen,7.57,-2.570211834,-3.886721929,-3.21,-0.639788166,0.676721929,0.709784083,-643.3014819,-279
SUC,Aseasonal,Western Amazon,SUC,Malvaceae,Apeiba aspera,NA,1.295896975,-1.383934074,-3.04685742,-0.496833333,0.887100741,2.550024087,0.343693994,-15.08827426,-94
SUC,Aseasonal,Western Amazon,SUC,Moraceae,Brosimum guianense,Deciduous,0.55784685,-1.564211215,-2.781115019,-0.442666667,1.121544548,2.338448352,0.699532022,-15.08827426,-178
SUC,Aseasonal,Western Amazon,SUC,Meliaceae,Carapa guianensis,NA,0.32664937,-2.177022619,-2.981502734,-1.1374,1.039622619,1.844102734,0.465659345,-15.08827426,-80
SUC,Aseasonal,Western Amazon,SUC,Lecythidaceae,Couratari guianensis,Deciduous,4.246295806,-0.671055785,-1.044407336,-1.7298,-1.058744215,-0.685392664,0.63335011,-15.08827426,-127
SUC,Aseasonal,Western Amazon,SUC,Malvaceae,Eriotheca macrophylla,NA,0.571303877,-1.728507753,-2.49990511,-0.805833333,0.92267442,1.694071777,0.637511729,-15.08827426,-39
SUC,Aseasonal,Western Amazon,SUC,Lecythidaceae,Eschweilera itayensis,NA,1.030139302,-1.7519223,-2.113514803,-0.8708,0.8811223,1.242714803,0.650045839,-15.08827426,-1
SUC,Aseasonal,Western Amazon,SUC,Annonaceae,Guatteria puncticulata,NA,1.096425783,-2.186728603,-4.150618077,-1.035333333,1.15139527,3.115284744,0.501988998,-15.08827426,-1
SUC,Aseasonal,Western Amazon,SUC,Myristicaceae,Iryanthera laevis,NA,0.573175626,-0.843590841,-2.010596992,-0.6995,0.144090841,1.311096992,0.530286022,-15.08827426,-115
SUC,Aseasonal,Western Amazon,SUC,Myristicaceae,Iryanthera lancifolia,NA,0.539298724,-1.585931347,-2.552333454,-0.319333333,1.266598014,2.233000121,0.509856145,-15.08827426,-3
SUC,Aseasonal,Western Amazon,SUC,Olacaceae,Minquartia guianensis,Evergreen,0.941482357,-2.0865522,-2.528852481,-0.757166667,1.329385533,1.771685814,0.671850071,-15.08827426,-49
SUC,Aseasonal,Western Amazon,SUC,Euphorbiaceae,Nealchornea yapurensis,NA,0.679199539,-0.483434382,-0.620150806,-0.542,-0.058565618,0.078150806,0.516789113,-15.08827426,-31
SUC,Aseasonal,Western Amazon,SUC,Myristicaceae,Osteophloeum platyspermum,NA,0.901671924,-1.265231954,-2.114922359,-0.456,0.809231954,1.658922359,0.445515369,-15.08827426,-23
SUC,Aseasonal,Western Amazon,SUC,Annonaceae,Oxandra xylopioides,NA,0.615416996,-1.032850845,-1.864061287,-1.529833333,-0.496982488,0.334227954,0.701438203,-15.08827426,-87
SUC,Aseasonal,Western Amazon,SUC,Urticaceae,Pourouma minor,NA,0.258234176,-1.584916141,-2.598037904,-0.2822,1.302716141,2.315837904,0.486120904,-15.08827426,-168
SUC,Aseasonal,Western Amazon,SUC,Burseraceae,Protium opacum,Evergreen,0.336352679,-1.880461394,-3.427663263,-0.2928,1.587661394,3.134863263,0.569289153,-15.08827426,-44
SUC,Aseasonal,Western Amazon,SUC,Moraceae,Pseudolmedia laevis,Evergreen,0.089321255,-2.672961982,-4.614683111,-0.6645,2.008461982,3.950183111,0.562789897,-15.08827426,-287
SUC,Aseasonal,Western Amazon,SUC,Lepidobotryaceae,Ruptiliocarpon caracolito,NA,0.397349499,-0.430585223,-0.712096347,-0.800333333,-0.36974811,-0.088236986,0.523869639,-15.08827426,-7
SUC,Aseasonal,Western Amazon,SUC,Malvaceae,Scleronema praecox,NA,1.751299887,-1.572747647,-2.772241391,-1.136666667,0.43608098,1.635574724,0.711229357,-15.08827426,0
SUC,Aseasonal,Western Amazon,SUC,Malvaceae,Sterculia colombiana,NA,0.568833519,-0.980385331,-1.571327115,-1.0892,-0.108814669,0.482127115,0.316550765,-15.08827426,-17
SUC,Aseasonal,Western Amazon,SUC,Fabaceae,Swartzia racemosa,NA,0.647757954,-2.043989691,-3.801724014,-2.0022,0.041789691,1.799524014,0.757050638,-15.08827426,0
SUC,Aseasonal,Western Amazon,SUC,Myristicaceae,Virola calophylla,Evergreen,1.410272216,-1.096730526,-1.427401947,-0.184833333,0.911897193,1.242568614,0.505568285,-15.08827426,-66
SUC,Aseasonal,Western Amazon,SUC,Myristicaceae,Virola pavonis,Evergreen,1.276059649,-1.397709012,-2.020417164,-0.691,0.706709012,1.329417164,0.527292274,-15.08827426,-5
SUC,Aseasonal,Western Amazon,SUC,Myristicaceae,Virola surinamensis,Evergreen,0.666054956,-0.801784678,-1.028052336,-0.519142857,0.282641821,0.508909479,0.492617457,-15.08827426,-93
TAM,Intermediate DSL,Western Amazon,TAM,Lecythidaceae,Bertholletia excelsa,Evergreen,6.934069255,-1.108200782,-2.057631463,-1.727333333,-0.619132551,0.33029813,0.666120834,-195.2607285,-252
TAM,Intermediate DSL,Western Amazon,TAM,Bixaceae,Bixa arborea,Evergreen,2.012988919,-1.441777953,-2.566668246,-1.643666667,-0.201888714,0.923001579,0.524082153,-195.2607285,-224
TAM,Intermediate DSL,Western Amazon,TAM,Moraceae,Brosimum guianense,Deciduous,0.257249658,-0.752608694,-1.798252797,-0.490666667,0.261942027,1.30758613,0.641662685,-195.2607285,-178
TAM,Intermediate DSL,Western Amazon,TAM,Moraceae,Brosimum lactescens,Evergreen,1.413687779,-1.674725341,-3.41512378,NA,NA,NA,0.648250922,-195.2607285,-229
TAM,Intermediate DSL,Western Amazon,TAM,Calophyllaceae,Calophyllum brasiliense,Evergreen,2.915877644,-0.963020381,-1.375090429,-1.146666667,-0.183646286,0.228423762,0.61955212,-195.2607285,-146
TAM,Intermediate DSL,Western Amazon,TAM,Fabaceae,Cedrelinga cateniformis,NA,8.090780192,-0.990501897,-1.653196404,-1.535666667,-0.54516477,0.117529737,0.737452815,-195.2607285,-91
TAM,Intermediate DSL,Western Amazon,TAM,Moraceae,Clarisia racemosa,Semideciduous,1.261776394,-0.751081876,-1.258356105,-1.756666667,-1.005584791,-0.498310562,0.647101041,-195.2607285,-183
TAM,Intermediate DSL,Western Amazon,TAM,Fabaceae,Dialium guianense,Evergreen,0.059718447,-2.063711064,-3.189796792,-1.760666667,0.303044397,1.429130125,0.645470086,-195.2607285,-166
TAM,Intermediate DSL,Western Amazon,TAM,Fabaceae,Enterolobium schomburgkii,NA,2.704307392,-2.210282796,-2.828672972,NA,NA,NA,0.691068257,-195.2607285,-286
TAM,Intermediate DSL,Western Amazon,TAM,Lecythidaceae,Eschweilera coriacea,Evergreen,1.230684795,-3.149620488,-5.78728487,-1.83,1.319620488,3.95728487,0.708496583,-195.2607285,-26
TAM,Intermediate DSL,Western Amazon,TAM,Linaceae,Hebepetalum humiriifolium,NA,1.256771634,-1.036122061,-2.747693198,-1.056666667,-0.020544606,1.691026531,0.737665234,-195.2607285,-173
TAM,Intermediate DSL,Western Amazon,TAM,Euphorbiaceae,Hevea guianensis,Evergreen,2.499058942,-2.062501112,-3.914560472,-1.226666667,0.835834445,2.687893805,0.513817612,-195.2607285,-17
TAM,Intermediate DSL,Western Amazon,TAM,Bignoniaceae,Jacaranda copaia,Semideciduous,3.88460906,-1.586135218,-2.497988819,NA,NA,NA,0.465626946,-195.2607285,-195
TAM,Intermediate DSL,Western Amazon,TAM,Violaceae,Leonia glycycarpa,NA,1.041137367,-1.435691248,-2.796085428,-1.083333333,0.352357915,1.712752095,0.566492019,-195.2607285,-114
TAM,Intermediate DSL,Western Amazon,TAM,Chrysobalanaceae,Licania heteromorpha,Evergreen,2.328583536,-2.065695304,-3.414958226,-0.713666667,1.352028637,2.701291559,0.807270647,-195.2607285,-30
TAM,Intermediate DSL,Western Amazon,TAM,Olacaceae,Minquartia guianensis,Evergreen,0.921603264,-1.018763379,-2.006846512,-1.433333333,-0.414569954,0.573513179,0.691959965,-195.2607285,-49
TAM,Intermediate DSL,Western Amazon,TAM,Lauraceae,Ocotea bofo,NA,4.174358296,-1.653548518,-2.587413967,-1.518333333,0.135215185,1.069080634,0.614035195,-195.2607285,-44
TAM,Intermediate DSL,Western Amazon,TAM,Urticaceae,Pourouma minor,NA,5.982566002,-2.044456025,-2.766348646,-1.145,0.899456025,1.621348646,0.74777398,-195.2607285,-168
TAM,Intermediate DSL,Western Amazon,TAM,Sapotaceae,Pouteria torta,Deciduous,2.103911853,-1.720923453,-3.1182302,-1.417666667,0.303256786,1.700563533,0.741820516,-195.2607285,-98
TAM,Intermediate DSL,Western Amazon,TAM,Moraceae,Pseudolmedia laevigata,NA,3.315919739,-1.628536203,-3.391584811,-2.363333333,-0.73479713,1.028251478,0.607297141,-195.2607285,-98
TAM,Intermediate DSL,Western Amazon,TAM,Moraceae,Pseudolmedia laevis,Evergreen,1.654477548,-1.412174915,-2.380360415,-1.682,-0.269825085,0.698360415,0.596031727,-195.2607285,-287
TAM,Intermediate DSL,Western Amazon,TAM,Moraceae,Pseudolmedia macrophylla,Evergreen,0.966686865,-1.035396649,-1.49301562,-1.4,-0.364603351,0.09301562,0.601369608,-195.2607285,-226
TAM,Intermediate DSL,Western Amazon,TAM,Siparunaceae,Siparuna decipiens,Evergreen,0.429371366,-0.817523637,-1.620931011,NA,NA,NA,0.622336034,-195.2607285,-129
TAM,Intermediate DSL,Western Amazon,TAM,Fabaceae,Tachigali polyphylla,Evergreen,1.456334853,-3.148748074,-4.342544294,-2.983333333,0.165414741,1.359210961,0.703430293,-195.2607285,NA
TAM,Intermediate DSL,Western Amazon,TAM,Burseraceae,Tetragastris altissima,Evergreen,0.082675743,-2.785882579,-4.10048021,-1.836333333,0.949549246,2.264146877,0.704332794,-195.2607285,-279
TAM,Intermediate DSL,Western Amazon,TAM,Myristicaceae,Virola sebifera,Semideciduous,0.376902922,-0.59022053,-0.922812055,NA,NA,NA,0.503824407,-195.2607285,-166
TAP,Intermediate DSL,C.Eastern Amazon,TAP,Fabaceae,Chamaecrista xinguensis,NA,6.15,-3.14,-6.05,-2.7,0.44,3.35,1.206,-250.1412241,NA
TAP,Intermediate DSL,C.Eastern Amazon,TAP,Rubiaceae,Coussarea albescens,NA,4.61,-4.86,-6.64,-2.46,2.4,4.18,0.545,-250.1412241,NA
TAP,Intermediate DSL,C.Eastern Amazon,TAP,Humiriaceae,Endopleura uchi,Evergreen,1.01,-1.52,-4.83,-1.1,0.42,3.73,0.736,-250.1412241,-332
TAP,Intermediate DSL,C.Eastern Amazon,TAP,Vochysiaceae,Erisma uncinatum,Evergreen,11.07,-2.13,-3.24,-1.22,0.91,2.02,0.424,-250.1412241,-369
TAP,Intermediate DSL,C.Eastern Amazon,TAP,Sapotaceae,Manilkara huberi,Evergreen,6.74,-1.752366703,-4.512489417,NA,NA,NA,0.881496599,-250.1412241,NA
TAP,Intermediate DSL,C.Eastern Amazon,TAP,Lauraceae,Mezilaurus itauba,Evergreen,1.2,-2.98,-5.54,-1.64,1.34,3.9,0.662,-250.1412241,-204
TAP,Intermediate DSL,C.Eastern Amazon,TAP,Melastomataceae,Miconia lepidota,NA,0.09,-5.02,-6.76,-2.14,2.88,4.62,0.613,-250.1412241,NA
TAP,Intermediate DSL,C.Eastern Amazon,TAP,Olacaceae,Minquartia guianensis,Evergreen,0.07,-2.371721485,-6.032408422,NA,NA,NA,0.78647986,-250.1412241,-49
TAP,Intermediate DSL,C.Eastern Amazon,TAP,Burseraceae,Protium apiculatum,Evergreen,2.15,-1.94,-2.12,-1.44,0.5,0.68,0.506,-250.1412241,-43
TAP,Intermediate DSL,C.Eastern Amazon,TAP,Fabaceae,Tachigali chrysophylla,Evergreen,3.94,-3.791260577,-5.129937741,NA,NA,NA,0.565931177,-250.1412241,-56